Date,CCPOutage,STOutage,GTOutage,Ad-hoc
01-Jan-15,847.8,233,0,0
02-Jan-15,877.8,233,0,0
03-Jan-15,877.8,233,0,0
04-Jan-15,877.8,233,0,0
05-Jan-15,885.6,233,0,0
06-Jan-15,885.6,233,0,0
07-Jan-15,885.6,233,0,0
08-Jan-15,877.8,0,0,0
09-Jan-15,877.8,0,0,370
10-Jan-15,877.8,0,0,370
11-Jan-15,877.8,0,0,370
12-Jan-15,877.8,0,0,370
13-Jan-15,877.8,0,0,370
14-Jan-15,877.8,232,0,370
15-Jan-15,1242.8,232,0,370
16-Jan-15,1668.8,663,0,370
17-Jan-15,1668.8,663,0,0
18-Jan-15,1668.8,710.8,0,0
19-Jan-15,1668.8,710.8,0,0
20-Jan-15,1668.8,663,0,0
21-Jan-15,1668.8,663,0,0
22-Jan-15,1668.8,663,90,0
23-Jan-15,1668.8,663,90,0
24-Jan-15,1998.8,663,0,0
25-Jan-15,1668.8,663,0,0
26-Jan-15,1268.8,663,0,0
27-Jan-15,1268.8,663,0,0
28-Jan-15,1668.8,663,0,0
29-Jan-15,1668.8,663,0,0
30-Jan-15,1965,663,0,0
31-Jan-15,1605,663,0,0
01-Feb-15,774,663,0,0
02-Feb-15,774,663,0,0
03-Feb-15,774,663,0,0
04-Feb-15,774,663,0,0
05-Feb-15,410,663,0,0
06-Feb-15,778,232,0,0
07-Feb-15,410,232,0,368
08-Feb-15,410,232,0,368
09-Feb-15,410,232,0,368
10-Feb-15,410,232,0,0
11-Feb-15,0,232,0,0
12-Feb-15,0,232,0,0
13-Feb-15,400,232,0,0
14-Feb-15,400,232,0,0
15-Feb-15,0,279.8,0,0
16-Feb-15,0,279.8,0,0
17-Feb-15,67.8,279.8,0,0
18-Feb-15,67.8,297.8,0,0
19-Feb-15,67.8,297.8,0,0
20-Feb-15,410,297.8,0,0
21-Feb-15,410,297.8,0,0
22-Feb-15,520,297.8,0,0
23-Feb-15,520,297.8,0,0
24-Feb-15,520,297.8,0,0
25-Feb-15,520,297.8,0,0
26-Feb-15,520,297.8,0,0
27-Feb-15,520,297.8,0,0
28-Feb-15,520,297.8,0,370
01-Mar-15,930,297.8,0,0
02-Mar-15,520,297.8,0,0
03-Mar-15,527.8,297.8,0,0
04-Mar-15,520,297.8,0,0
05-Mar-15,520,297.8,0,0
06-Mar-15,520,297.8,0,0
07-Mar-15,520,297.8,0,0
08-Mar-15,885,297.8,0,0
09-Mar-15,520,297.8,0,0
10-Mar-15,520,297.8,0,0
11-Mar-15,520,297.8,0,0
12-Mar-15,520,297.8,0,0
13-Mar-15,890,297.8,0,0
14-Mar-15,520,297.8,0,0
15-Mar-15,520,297.8,0,0
16-Mar-15,925.9,297.8,0,0
17-Mar-15,925.9,297.8,0,0
18-Mar-15,520,297.8,0,0
19-Mar-15,520,297.8,0,0
20-Mar-15,520,297.8,0,0
21-Mar-15,520,297.8,0,0
22-Mar-15,520,297.8,0,0
23-Mar-15,923.8,297.8,0,0
24-Mar-15,883.8,250,0,0
25-Mar-15,110,250,0,0
26-Mar-15,502.5,297.8,0,0
27-Mar-15,502.5,297.8,0,0
28-Mar-15,502.5,297.8,0,0
29-Mar-15,502.5,297.8,0,0
30-Mar-15,392.5,297.8,0,0
31-Mar-15,392.5,47.8,0,0
01-Apr-15,0,47.8,0,0
02-Apr-15,0,47.8,0,0
03-Apr-15,0,47.8,0,0
04-Apr-15,0,47.8,0,0
05-Apr-15,0,47.8,0,0
06-Apr-15,0,290.8,0,0
07-Apr-15,7.8,290.8,0,0
08-Apr-15,7.8,290.8,90,0
09-Apr-15,413.7,290.8,90,0
10-Apr-15,413.7,290.8,0,0
11-Apr-15,413.7,290.8,0,370
12-Apr-15,783.7,290.8,0,0
13-Apr-15,1148.7,290.8,0,0
14-Apr-15,1148.7,290.8,0,0
15-Apr-15,1513.7,290.8,0,0
16-Apr-15,1148.7,290.8,0,0
17-Apr-15,1148.7,290.8,0,0
18-Apr-15,778.7,290.8,0,0
19-Apr-15,778.7,290.8,0,0
20-Apr-15,778.7,290.8,0,0
21-Apr-15,413.7,290.8,0,0
22-Apr-15,413.7,290.8,0,0
23-Apr-15,413.7,290.8,0,0
24-Apr-15,405.9,290.8,0,0
25-Apr-15,365,290.8,0,0
26-Apr-15,365,290.8,0,0
27-Apr-15,365,290.8,0,0
28-Apr-15,365,290.8,0,0
29-Apr-15,365,290.8,0,0
30-Apr-15,365,290.8,0,0
01-May-15,760.5,290.8,0,0
02-May-15,760.5,290.8,0,0
03-May-15,760.5,290.8,0,0
04-May-15,368,243,0,0
05-May-15,368,243,0,0
06-May-15,368,243,0,0
07-May-15,368,243,0,392.5
08-May-15,368,243,0,392.5
09-May-15,368,243,0,392.5
10-May-15,0,243,0,0
11-May-15,0,243,0,0
12-May-15,0,243,0,0
13-May-15,0,493,0,0
14-May-15,0,493,0,0
15-May-15,0,493,0,862
16-May-15,0,493,0,862
17-May-15,0,493,0,0
18-May-15,0,493,0,0
19-May-15,360,493,0,0
20-May-15,360,493,0,0
21-May-15,360,250,0,0
22-May-15,360,250,0,0
23-May-15,360,250,0,0
24-May-15,360,250,0,0
25-May-15,360,250,0,0
26-May-15,360,250,0,0
27-May-15,360,250,0,0
28-May-15,360,250,0,0
29-May-15,360,250,0,0
30-May-15,360,250,0,0
31-May-15,360,250,0,0
01-Jun-15,360,250,0,0
02-Jun-15,797.8,250,0,0
03-Jun-15,797.8,250,0,0
04-Jun-15,797.8,250,0,0
05-Jun-15,797.8,250,0,0
06-Jun-15,797.8,250,0,0
07-Jun-15,797.8,250,0,0
08-Jun-15,797.8,250,0,0
09-Jun-15,797.8,250,0,0
10-Jun-15,797.8,250,0,0
11-Jun-15,797.8,250,0,0
12-Jun-15,797.8,250,0,0
13-Jun-15,797.8,250,0,0
14-Jun-15,797.8,250,0,0
15-Jun-15,797.8,250,0,0
16-Jun-15,797.8,250,0,0
17-Jun-15,797.8,250,0,0
18-Jun-15,797.8,0,0,0
19-Jun-15,797.8,0,0,0
20-Jun-15,797.8,0,0,0
21-Jun-15,797.8,0,0,0
22-Jun-15,797.8,0,0,0
23-Jun-15,797.8,0,0,0
24-Jun-15,797.8,0,0,0
25-Jun-15,797.8,0,0,0
26-Jun-15,797.8,0,0,0
27-Jun-15,797.8,0,0,0
28-Jun-15,650.3,0,0,0
29-Jun-15,650.3,0,0,0
30-Jun-15,650.3,0,0,0
01-Jul-15,650.3,0,0,0
02-Jul-15,67.8,0,0,0
03-Jul-15,67.8,500,0,0
04-Jul-15,67.8,500,0,0
05-Jul-15,280.3,500,0,0
06-Jul-15,280.3,500,0,0
07-Jul-15,280.3,500,0,0
08-Jul-15,280.3,500,0,0
09-Jul-15,67.8,500,0,0
10-Jul-15,557.8,500,0,0
11-Jul-15,557.8,500,0,0
12-Jul-15,557.8,500,0,0
13-Jul-15,557.8,500,0,0
14-Jul-15,557.8,500,0,0
15-Jul-15,67.8,500,0,0
16-Jul-15,467.8,500,0,0
17-Jul-15,467.8,500,0,0
18-Jul-15,467.8,500,0,0
19-Jul-15,467.8,500,0,0
20-Jul-15,467.8,500,0,0
21-Jul-15,467.8,500,0,0
22-Jul-15,827.8,500,0,0
23-Jul-15,827.8,500,0,0
24-Jul-15,827.8,500,0,0
25-Jul-15,827.8,500,0,0
26-Jul-15,827.8,500,0,0
27-Jul-15,827.8,500,0,0
28-Jul-15,827.8,500,0,0
29-Jul-15,827.8,500,0,0
30-Jul-15,427.8,500,0,0
31-Jul-15,427.8,500,0,0
01-Aug-15,427.8,500,0,0
02-Aug-15,427.8,500,0,0
03-Aug-15,427.8,500,0,0
04-Aug-15,427.8,500,0,0
05-Aug-15,427.8,500,0,0
06-Aug-15,831.6,500,0,0
07-Aug-15,831.6,0,0,0
08-Aug-15,831.6,0,0,0
09-Aug-15,471.6,0,0,0
10-Aug-15,836.6,0,0,0
11-Aug-15,432.8,0,0,0
12-Aug-15,432.8,0,0,0
13-Aug-15,825.3,0,0,0
14-Aug-15,825.3,0,0,0
15-Aug-15,825.3,0,0,0
16-Aug-15,432.8,0,0,0
17-Aug-15,432.8,0,0,0
18-Aug-15,432.8,0,0,0
19-Aug-15,432.8,0,0,0
20-Aug-15,432.8,0,0,0
21-Aug-15,825.3,0,0,0
22-Aug-15,825.3,0,0,0
23-Aug-15,432.8,0,0,0
24-Aug-15,432.8,0,0,0
25-Aug-15,432.8,0,0,0
26-Aug-15,432.8,0,0,0
27-Aug-15,432.8,0,0,0
28-Aug-15,432.8,0,0,0
29-Aug-15,432.8,0,0,0
30-Aug-15,542.8,0,0,0
31-Aug-15,542.8,0,0,0
01-Sep-15,542.8,0,0,0
02-Sep-15,475,132,0,0
03-Sep-15,475,382,0,0
04-Sep-15,835,382,0,0
05-Sep-15,835,382,0,0
06-Sep-15,835,382,0,0
07-Sep-15,835,382,0,0
08-Sep-15,835,382,0,0
09-Sep-15,835,382,0,0
10-Sep-15,835,382,0,0
11-Sep-15,835,382,0,0
12-Sep-15,835,382,0,0
13-Sep-15,725,382,0,0
14-Sep-15,725,382,0,0
15-Sep-15,725,382,0,0
16-Sep-15,725,382,0,0
17-Sep-15,725,382,0,0
18-Sep-15,725,382,0,0
19-Sep-15,725,382,0,0
20-Sep-15,725,382,0,0
21-Sep-15,725,382,0,0
22-Sep-15,725,382,0,0
23-Sep-15,725,382,0,0
24-Sep-15,360,382,0,0
25-Sep-15,523,382,0,0
26-Sep-15,654,382,0,0
27-Sep-15,755,382,0,0
28-Sep-15,755,382,0,0
29-Sep-15,755,382,0,0
30-Sep-15,624,382,0,0
01-Oct-15,624,382,0,0
02-Oct-15,624,250,0,0
03-Oct-15,755,250,0,0
04-Oct-15,755,382,0,0
05-Oct-15,654,382,0,0
06-Oct-15,654,382,0,0
07-Oct-15,523,382,0,0
08-Oct-15,624,132,0,0
09-Oct-15,624,132,0,0
10-Oct-15,624,132,0,0
11-Oct-15,624,132,0,0
12-Oct-15,624,132,0,0
13-Oct-15,624,132,0,0
14-Oct-15,624,132,0,0
15-Oct-15,624,132,0,0
16-Oct-15,523,132,0,0
17-Oct-15,360,382,0,0
18-Oct-15,367.8,382,0,0
19-Oct-15,732.8,382,0,0
20-Oct-15,732.8,382,0,0
21-Oct-15,732.8,382,0,0
22-Oct-15,372.8,382,0,0
23-Oct-15,365,382,0,0
24-Oct-15,365,382,0,0
25-Oct-15,372.8,382,0,0
26-Oct-15,372.8,382,0,0
27-Oct-15,372.8,382,0,0
28-Oct-15,372.8,382,0,0
29-Oct-15,372.8,382,0,0
30-Oct-15,365,382,0,0
31-Oct-15,365,382,0,0
01-Nov-15,365,382,0,0
02-Nov-15,365,382,0,0
03-Nov-15,365,382,0,0
04-Nov-15,365,382,0,0
05-Nov-15,365,250,0,0
06-Nov-15,365,250,0,0
07-Nov-15,365,250,0,0
08-Nov-15,365,250,0,0
09-Nov-15,365,250,0,0
10-Nov-15,365,250,0,0
11-Nov-15,365,250,0,0
12-Nov-15,365,250,0,0
13-Nov-15,365,250,0,0
14-Nov-15,365,250,0,0
15-Nov-15,365,250,0,0
16-Nov-15,365,250,0,0
17-Nov-15,365,850,0,0
18-Nov-15,365,850,0,0
19-Nov-15,365,850,0,0
20-Nov-15,365,850,0,0
21-Nov-15,775,600,0,0
22-Nov-15,775,600,0,0
23-Nov-15,775,600,0,0
24-Nov-15,775,600,0,0
25-Nov-15,775,600,0,0
26-Nov-15,365,600,0,0
27-Nov-15,765,600,0,0
28-Nov-15,765,600,0,0
29-Nov-15,765,600,0,0
30-Nov-15,765,600,0,0
01-Dec-15,765,600,0,0
02-Dec-15,765,600,0,0
03-Dec-15,770,600,0,0
04-Dec-15,770,600,0,0
05-Dec-15,770,600,0,0
06-Dec-15,770,600,0,0
07-Dec-15,770,600,0,0
08-Dec-15,770,600,0,0
09-Dec-15,770,0,0,0
10-Dec-15,770,0,0,0
11-Dec-15,370,0,0,0
12-Dec-15,370,0,0,0
13-Dec-15,370,0,0,0
14-Dec-15,370,0,0,0
15-Dec-15,370,0,0,0
16-Dec-15,370,0,0,0
17-Dec-15,370,0,0,0
18-Dec-15,762.5,0,0,0
19-Dec-15,762.5,0,0,0
20-Dec-15,370,0,0,0
21-Dec-15,370,0,0,0
22-Dec-15,370,0,0,0
23-Dec-15,370,0,0,0
24-Dec-15,370,0,0,0
25-Dec-15,762.5,0,0,0
26-Dec-15,762.5,0,0,0
27-Dec-15,762.5,0,0,0
28-Dec-15,370,0,0,0
29-Dec-15,370,0,0,0
30-Dec-15,370,0,0,0
31-Dec-15,370,0,0,0
01-Jan-16,847.8,233,0,0
02-Jan-16,877.8,233,0,0
03-Jan-16,877.8,233,0,0
04-Jan-16,877.8,233,0,0
05-Jan-16,885.6,233,0,0
06-Jan-16,885.6,233,0,0
07-Jan-16,885.6,233,0,0
08-Jan-16,877.8,0,0,0
09-Jan-16,877.8,0,0,370
10-Jan-16,877.8,0,0,370
11-Jan-16,877.8,0,0,370
12-Jan-16,877.8,0,0,370
13-Jan-16,877.8,0,0,370
14-Jan-16,877.8,232,0,370
15-Jan-16,1242.8,232,0,370
16-Jan-16,1668.8,663,0,370
17-Jan-16,1668.8,663,0,0
18-Jan-16,1668.8,710.8,0,0
19-Jan-16,1668.8,710.8,0,0
20-Jan-16,1668.8,663,0,0
21-Jan-16,1668.8,663,0,0
22-Jan-16,1668.8,663,90,0
23-Jan-16,1668.8,663,90,0
24-Jan-16,1998.8,663,0,0
25-Jan-16,1668.8,663,0,0
26-Jan-16,1268.8,663,0,0
27-Jan-16,1268.8,663,0,0
28-Jan-16,1668.8,663,0,0
29-Jan-16,1668.8,663,0,0
30-Jan-16,1965,663,0,0
31-Jan-16,1605,663,0,0
01-Feb-16,1205,663,0,0
02-Feb-16,1205,663,0,0
03-Feb-16,1205,663,0,0
04-Feb-16,1205,663,0,0
05-Feb-16,841,663,0,0
06-Feb-16,778,232,0,0
07-Feb-16,410,232,0,368
08-Feb-16,410,232,0,368
09-Feb-16,410,232,0,368
10-Feb-16,410,232,0,0
11-Feb-16,0,232,0,0
12-Feb-16,0,232,0,0
13-Feb-16,400,232,0,0
14-Feb-16,400,232,0,0
15-Feb-16,0,279.8,0,0
16-Feb-16,0,279.8,0,0
17-Feb-16,67.8,47.8,0,0
18-Feb-16,67.8,297.8,0,0
19-Feb-16,67.8,297.8,0,0
20-Feb-16,410,297.8,0,0
21-Feb-16,410,297.8,0,0
22-Feb-16,520,297.8,0,0
23-Feb-16,520,297.8,0,0
24-Feb-16,520,297.8,0,0
25-Feb-16,520,297.8,0,0
26-Feb-16,520,297.8,0,0
27-Feb-16,520,297.8,0,0
28-Feb-16,520,297.8,0,370
29-Feb-16,930,297.8,0,0
01-Mar-16,520,297.8,0,0
02-Mar-16,527.8,297.8,0,0
03-Mar-16,520,297.8,0,0
04-Mar-16,520,297.8,0,0
05-Mar-16,520,297.8,0,0
06-Mar-16,520,297.8,0,0
07-Mar-16,885,297.8,0,0
08-Mar-16,520,297.8,0,0
09-Mar-16,520,297.8,0,0
10-Mar-16,520,297.8,0,0
11-Mar-16,520,297.8,0,0
12-Mar-16,890,297.8,0,0
13-Mar-16,520,297.8,0,0
14-Mar-16,520,297.8,0,0
15-Mar-16,925.9,297.8,0,0
16-Mar-16,925.9,297.8,0,0
17-Mar-16,520,297.8,0,0
18-Mar-16,520,297.8,0,0
19-Mar-16,520,297.8,0,0
20-Mar-16,520,297.8,0,0
21-Mar-16,520,297.8,0,0
22-Mar-16,923.8,297.8,0,0
23-Mar-16,883.8,250,0,0
24-Mar-16,110,250,0,0
25-Mar-16,502.5,297.8,0,0
26-Mar-16,502.5,297.8,0,0
27-Mar-16,502.5,297.8,0,0
28-Mar-16,502.5,297.8,0,0
29-Mar-16,757.5,297.8,0,0
30-Mar-16,392.5,47.8,0,0
31-Mar-16,0,47.8,0,0
01-Apr-16,0,47.8,0,0
02-Apr-16,0,47.8,0,0
03-Apr-16,0,47.8,0,0
04-Apr-16,0,47.8,0,0
05-Apr-16,0,290.8,0,0
06-Apr-16,7.8,290.8,0,0
07-Apr-16,7.8,290.8,90,0
08-Apr-16,413.7,290.8,90,0
09-Apr-16,413.7,290.8,0,0
10-Apr-16,413.7,290.8,0,370
11-Apr-16,783.7,290.8,0,0
12-Apr-16,1148.7,290.8,0,0
13-Apr-16,1148.7,290.8,0,0
14-Apr-16,1513.7,290.8,0,0
15-Apr-16,1148.7,290.8,0,0
16-Apr-16,1148.7,290.8,0,0
17-Apr-16,778.7,290.8,0,0
18-Apr-16,778.7,290.8,0,0
19-Apr-16,778.7,290.8,0,0
20-Apr-16,413.7,290.8,0,365
21-Apr-16,778.7,290.8,0,365
22-Apr-16,778.7,290.8,0,0
23-Apr-16,405.9,290.8,0,0
24-Apr-16,365,290.8,0,0
25-Apr-16,492.8,290.8,0,0
26-Apr-16,492.8,290.8,0,0
27-Apr-16,492.8,290.8,0,0
28-Apr-16,898.7,290.8,0,0
29-Apr-16,898.7,290.8,0,0
30-Apr-16,1266.7,290.8,0,0
01-May-16,1198.9,290.8,0,0
02-May-16,1608.9,290.8,0,0
03-May-16,1243.9,290.8,0,0
04-May-16,833.9,243,0,0
05-May-16,1198.9,243,0,0
06-May-16,1198.9,243,0,0
07-May-16,833.9,243,0,392.5
08-May-16,833.9,243,0,392.5
09-May-16,833.9,243,0,0
10-May-16,428,243,0,0
11-May-16,428,243,0,0
12-May-16,60,493,0,0
13-May-16,60,493,0,0
14-May-16,60,493,0,0
15-May-16,60,493,0,0
16-May-16,60,493,0,67.8
17-May-16,60,493,0,67.8
18-May-16,420,250,0,67.8
19-May-16,420,250,0,67.8
20-May-16,420,250,0,67.8
21-May-16,360,250,0,1162.8
22-May-16,791,250,0,300.8
23-May-16,360,250,0,300.8
24-May-16,360,250,0,300.8
25-May-16,360,250,0,300.8
26-May-16,360,250,0,67.8
27-May-16,360,250,0,828.5
28-May-16,360,250,0,828.5
29-May-16,360,250,0,828.5
30-May-16,360,250,0,67.8
31-May-16,360,250,0,67.8
01-Jun-16,427.8,250,0,67.8
02-Jun-16,427.8,250,0,0
03-Jun-16,427.8,250,0,245
04-Jun-16,360,250,0,245
05-Jun-16,360,297.8,0,609
06-Jun-16,360,297.8,0,0
07-Jun-16,360,250,0,0
08-Jun-16,933,250,0,0
09-Jun-16,933,250,0,0
10-Jun-16,933,250,0,0
11-Jun-16,523,250,0,0
12-Jun-16,523,250,0,0
13-Jun-16,743.3,250,0,0
14-Jun-16,743.3,250,0,0
15-Jun-16,580.3,382,0,0
16-Jun-16,640.3,382,0,0
17-Jun-16,427.8,132,0,0
18-Jun-16,427.8,132,0,0
19-Jun-16,797.8,132,0,0
20-Jun-16,640.3,132,0,0
21-Jun-16,640.3,132,0,0
22-Jun-16,1050.3,132,0,0
23-Jun-16,1050.3,132,0,0
24-Jun-16,427.8,132,0,0
25-Jun-16,1237.8,132,0,0
26-Jun-16,1237.8,179.8,0,0
27-Jun-16,467.8,132,0,0
28-Jun-16,467.8,132,0,0
29-Jun-16,467.8,132,0,0
30-Jun-16,7.8,132,0,0
01-Jul-16,7.8,132,0,0
02-Jul-16,7.8,632,0,0
03-Jul-16,7.8,632,0,370
04-Jul-16,7.8,632,0,0
05-Jul-16,7.8,632,0,0
06-Jul-16,7.8,632,0,0
07-Jul-16,7.8,632,0,0
08-Jul-16,7.8,632,0,55
09-Jul-16,497.8,632,0,0
10-Jul-16,865.8,632,0,0
11-Jul-16,497.8,632,0,0
12-Jul-16,557.8,632,0,0
13-Jul-16,557.8,632,0,0
14-Jul-16,67.8,632,0,0
15-Jul-16,832.8,632,0,0
16-Jul-16,832.8,632,0,0
17-Jul-16,832.8,632,0,0
18-Jul-16,1236.6,632,0,0
19-Jul-16,1596.6,632,90,0
20-Jul-16,1596.6,632,0,0
21-Jul-16,1596.6,500,0,0
22-Jul-16,1536.6,500,0,0
23-Jul-16,1536.6,500,0,0
24-Jul-16,1536.6,500,0,0
25-Jul-16,1536.6,632,0,0
26-Jul-16,1536.6,632,0,0
27-Jul-16,1132.8,632,0,0
28-Jul-16,1132.8,632,0,0
29-Jul-16,1125.3,632,0,0
30-Jul-16,1125.3,632,0,0
31-Jul-16,1125.3,632,0,0
01-Aug-16,732.8,687,0,0
02-Aug-16,732.8,687,0,0
03-Aug-16,732.8,687,0,0
04-Aug-16,732.8,687,0,0
05-Aug-16,765.3,687,0,0
06-Aug-16,1169.1,132,0,368
07-Aug-16,1169.1,132,0,368
08-Aug-16,1329.1,132,0,0
09-Aug-16,1141.6,132,0,0
10-Aug-16,1141.6,732,0,0
11-Aug-16,1242.6,732,0,0
12-Aug-16,1455.1,732,0,0
13-Aug-16,838.8,732,0,0
14-Aug-16,1208.8,732,0,0
15-Aug-16,838.8,732,0,0
16-Aug-16,838.8,732,0,0
17-Aug-16,838.8,732,0,0
18-Aug-16,737.8,732,0,0
19-Aug-16,1130.3,732,0,0
20-Aug-16,1342.8,732,0,165
21-Aug-16,737.8,732,0,330
22-Aug-16,737.8,732,0,0
23-Aug-16,737.8,732,0,0
24-Aug-16,737.8,732,0,0
25-Aug-16,737.8,732,0,0
26-Aug-16,737.8,732,90,0
27-Aug-16,737.8,600,0,0
28-Aug-16,737.8,600,0,0
29-Aug-16,737.8,600,0,110
30-Aug-16,737.8,600,0,110
31-Aug-16,737.8,600,0,110
01-Sep-16,737.8,0,0,110
02-Sep-16,737.8,250,0,110
03-Sep-16,1097.8,250,0,110
04-Sep-16,1461.8,250,0,110
05-Sep-16,1461.8,250,0,0
06-Sep-16,1529.6,250,0,0
07-Sep-16,1742.1,250,0,0
08-Sep-16,1852.1,250,0,0
09-Sep-16,1639.6,250,90,0
10-Sep-16,1639.6,250,0,0
11-Sep-16,2009.6,250,0,0
12-Sep-16,1639.6,250,0,0
13-Sep-16,1639.6,250,0,0
14-Sep-16,1267.8,250,0,132
15-Sep-16,1512.8,250,0,132
16-Sep-16,1445,250,0,0
17-Sep-16,1200,250,0,0
18-Sep-16,1200,250,0,0
19-Sep-16,1200,250,0,0
20-Sep-16,1200,250,0,0
21-Sep-16,1200,250,0,0
22-Sep-16,1200,250,90,132
23-Sep-16,1200,250,0,132
24-Sep-16,1592.5,250,90,395.7
25-Sep-16,1200,250,90,395.7
26-Sep-16,1200,250,90,395.7
27-Sep-16,1200,250,90,0
28-Sep-16,1200,250,0,0
29-Sep-16,835,250,0,0
30-Sep-16,835,250,0,0
01-Oct-16,1412.5,250,0,0
02-Oct-16,1412.5,250,0,0
03-Oct-16,1047.5,382,0,0
04-Oct-16,937.5,382,0,0
05-Oct-16,937.5,382,0,0
06-Oct-16,937.5,132,0,0
07-Oct-16,937.5,132,0,0
08-Oct-16,1337.5,132,0,0
09-Oct-16,1337.5,132,0,0
10-Oct-16,1667.5,132,0,0
11-Oct-16,1307.5,132,0,0
12-Oct-16,1307.5,132,0,0
13-Oct-16,2032.5,132,0,0
14-Oct-16,942.5,132,0,0
15-Oct-16,942.5,132,0,0
16-Oct-16,942.5,132,0,0
17-Oct-16,950.3,132,0,0
18-Oct-16,950.3,132,0,0
19-Oct-16,950.3,132,0,0
20-Oct-16,950.3,132,0,0
21-Oct-16,950.3,132,0,0
22-Oct-16,970,132,0,0
23-Oct-16,1362.5,132,0,0
24-Oct-16,977.8,132,0,0
25-Oct-16,977.8,132,0,0
26-Oct-16,612.8,179.8,0,60
27-Oct-16,612.8,179.8,0,60
28-Oct-16,585.3,179.8,0,60
29-Oct-16,212.5,179.8,0,491
30-Oct-16,622.5,179.8,0,491
31-Oct-16,682.5,179.8,0,0
01-Nov-16,895,429.8,0,0
02-Nov-16,485,179.8,0,0
03-Nov-16,485,132,0,0
04-Nov-16,895,0,0,0
05-Nov-16,895,0,0,0
06-Nov-16,790,0,0,0
07-Nov-16,577.5,0,0,0
08-Nov-16,212.5,0,0,0
09-Nov-16,212.5,0,0,0
10-Nov-16,212.5,0,0,0
11-Nov-16,212.5,0,0,0
12-Nov-16,212.5,0,0,0
13-Nov-16,212.5,0,0,0
14-Nov-16,212.5,0,0,0
15-Nov-16,659,0,0,163
16-Nov-16,294,600,0,163
17-Nov-16,294,600,0,163
18-Nov-16,294,600,0,163
19-Nov-16,294,600,0,163
20-Nov-16,294,600,0,531
21-Nov-16,294,600,0,163
22-Nov-16,294,600,0,163
23-Nov-16,659,600,0,163
24-Nov-16,294,600,0,163
25-Nov-16,301.8,600,0,163
26-Nov-16,1062.3,600,0,163
27-Nov-16,1062.3,600,0,163
28-Nov-16,1062.3,600,0,163
29-Nov-16,1062.3,600,0,163
30-Nov-16,1468.2,600,0,163
01-Dec-16,884.3,22,0,163
02-Dec-16,884.3,22,0,163
03-Dec-16,514.3,22,0,0
04-Dec-16,878.3,22,0,0
05-Dec-16,432.8,22,90,0
06-Dec-16,432.8,22,0,0
07-Dec-16,220.3,22,0,0
08-Dec-16,584.3,22,0,0
09-Dec-16,220.3,22,0,0
10-Dec-16,220.3,22,0,431
11-Dec-16,220.3,22,90,431
12-Dec-16,616,22,0,0
13-Dec-16,616,22,0,0
14-Dec-16,616,22,0,0
15-Dec-16,471.3,22,0,0
16-Dec-16,479.1,22,0,0
17-Dec-16,479.1,22,0,0
18-Dec-16,479.1,22,0,0
19-Dec-16,479.1,22,0,392.5
20-Dec-16,479.1,22,0,392.5
21-Dec-16,411.3,22,0,392.5
22-Dec-16,403.5,22,0,0
23-Dec-16,403.5,22,0,0
24-Dec-16,471.3,22,0,365
25-Dec-16,471.3,22,0,365
26-Dec-16,413.7,22,0,365
27-Dec-16,1170.2,22,0,0
28-Dec-16,764.3,22,0,0
29-Dec-16,764.3,22,0,0
30-Dec-16,764.3,22,0,0
31-Dec-16,764.3,22,0,834.8
01-Jan-17,212.5,22,0,1506.6
02-Jan-17,212.5,22,0,1506.6
03-Jan-17,212.5,22,0,301.8
04-Jan-17,212.5,22,0,665.8
05-Jan-17,212.5,22,0,310.3
06-Jan-17,212.5,22,0,220.3
07-Jan-17,0,22,0,220.3
08-Jan-17,0,22,0,584.3
09-Jan-17,0,22,0,220.3
10-Jan-17,0,22,0,220.3
11-Jan-17,0,22,0,310.3
12-Jan-17,395.7,22,0,220.3
13-Jan-17,395.7,22,0,220.3
14-Jan-17,395.7,22,0,220.3
15-Jan-17,395.7,22,0,75.6
16-Jan-17,411.3,22,0,67.8
17-Jan-17,411.3,22,0,67.8
18-Jan-17,411.3,22,0,67.8
19-Jan-17,411.3,22,0,67.8
20-Jan-17,411.3,22,0,67.8
21-Jan-17,411.3,22,0,377.8
22-Jan-17,395.7,22,0,377.8
23-Jan-17,395.7,22,0,7.8
24-Jan-17,395.7,22,0,75.6
25-Jan-17,395.7,22,0,75.6
26-Jan-17,0,22,0,413.7
27-Jan-17,756.5,22,0,413.7
28-Jan-17,756.5,22,0,7.8
29-Jan-17,756.5,22,0,7.8
30-Jan-17,756.5,22,0,7.8
31-Jan-17,392.5,22,0,7.8
01-Feb-17,410,22,0,220.3
02-Feb-17,410,22,0,220.3
03-Feb-17,410,22,0,220.3
04-Feb-17,770,22,0,590.3
05-Feb-17,770,22,0,1347.8
06-Feb-17,360,22,0,1452.8
07-Feb-17,360,22,0,1452.8
08-Feb-17,360,22,0,722.8
09-Feb-17,360,22,0,854.8
10-Feb-17,360,22,0,854.8
11-Feb-17,725,22,0,1073.3
12-Feb-17,725,0,0,1073.3
13-Feb-17,725,0,0,1073.3
14-Feb-17,725,0,0,249.8
15-Feb-17,725,0,0,249.8
16-Feb-17,725,0,0,249.8
17-Feb-17,725,0,0,249.8
18-Feb-17,725,0,0,619.8
19-Feb-17,725,0,0,619.8
20-Feb-17,725,0,0,619.8
21-Feb-17,725,0,0,619.8
22-Feb-17,725,0,0,619.8
23-Feb-17,765,0,0,619.8
24-Feb-17,765,0,0,619.8
25-Feb-17,765,250,0,509.8
26-Feb-17,765,250,0,509.8
27-Feb-17,765,250,0,722.3
28-Feb-17,765,250,0,689.8
01-Mar-17,365,250,0,1089.8
02-Mar-17,365,250,0,1369.8
03-Mar-17,365,250,0,992.3
04-Mar-17,397.5,250,0,532.3
05-Mar-17,397.5,250,0,697.3
06-Mar-17,397.5,250,0,697.3
07-Mar-17,397.5,250,0,139.8
08-Mar-17,397.5,250,0,139.8
09-Mar-17,397.5,250,0,220.3
10-Mar-17,397.5,250,0,220.3
11-Mar-17,438.4,250,0,7.8
12-Mar-17,438.4,250,0,7.8
13-Mar-17,438.4,500,0,372.8
14-Mar-17,438.4,500,0,7.8
15-Mar-17,438.4,500,0,7.8
16-Mar-17,438.4,500,0,7.8
17-Mar-17,438.4,500,0,0
18-Mar-17,438.4,500,0,15.6
19-Mar-17,438.4,500,0,15.6
20-Mar-17,438.4,500,0,15.6
21-Mar-17,438.4,500,0,470.6
22-Mar-17,438.4,500,0,715.6
23-Mar-17,405.9,500,0,350.6
24-Mar-17,405.9,500,0,0
25-Mar-17,405.9,500,0,0
26-Mar-17,405.9,500,0,0
27-Mar-17,405.9,500,0,0
28-Mar-17,405.9,500,0,0
29-Mar-17,405.9,500,0,365
30-Mar-17,405.9,500,0,365
31-Mar-17,405.9,500,0,365
01-Apr-17,405.9,250,0,365
02-Apr-17,405.9,250,0,475
03-Apr-17,405.9,250,0,110
04-Apr-17,405.9,250,0,110
05-Apr-17,405.9,250,0,590
06-Apr-17,405.9,250,0,597.8
07-Apr-17,405.9,250,0,1001.6
08-Apr-17,405.9,250,0,597.8
09-Apr-17,405.9,250,0,597.8
10-Apr-17,405.9,250,0,235.6
11-Apr-17,405.9,250,0,235.6
12-Apr-17,405.9,250,0,235.6
13-Apr-17,405.9,250,0,600.6
14-Apr-17,773.9,250,0,600.6
15-Apr-17,773.9,250,0,600.6
16-Apr-17,732,250,0,235.6
17-Apr-17,732,250,0,235.6
18-Apr-17,732,250,0,227.8
19-Apr-17,732,250,0,227.8
20-Apr-17,732,250,0,227.8
21-Apr-17,732,250,0,220
22-Apr-17,1163,250,0,220
23-Apr-17,1163,250,0,220
24-Apr-17,799,250,0,674
25-Apr-17,799,250,0,200
26-Apr-17,799,250,0,110
27-Apr-17,799,0,0,165
28-Apr-17,799,0,0,165
29-Apr-17,799,0,0,529
30-Apr-17,799,0,0,110
01-May-17,799,0,0,110
02-May-17,799,0,0,110
03-May-17,799,0,0,110
04-May-17,799,243,0,157.8
05-May-17,799,243,0,157.8
06-May-17,799,243,0,157.8
07-May-17,431,243,0,157.8
08-May-17,431,243,0,157.8
09-May-17,431,243,0,110
10-May-17,431,243,0,773.9
11-May-17,431,243,0,405.9
12-May-17,431,243,0,405.9
13-May-17,431,243,0,405.9
14-May-17,431,243,0,0
15-May-17,431,243,0,0
16-May-17,431,243,0,0
17-May-17,431,243,0,0
18-May-17,431,243,0,0
19-May-17,431,243,0,365
20-May-17,431,243,0,735
21-May-17,431,243,0,370
22-May-17,431,243,0,370
23-May-17,431,243,0,370
24-May-17,431,243,0,370
25-May-17,431,243,0,370
26-May-17,826.7,243,0,370
27-May-17,826.7,243,0,410
28-May-17,826.7,243,0,410
29-May-17,826.7,243,0,410
30-May-17,791,243,0,410
31-May-17,791,243,0,0
01-Jun-17,791,243,0,400
02-Jun-17,791,243,0,400
03-Jun-17,360,243,0,400
04-Jun-17,360,243,0,55
05-Jun-17,360,243,0,420
06-Jun-17,360,243,0,420
07-Jun-17,360,243,0,420
08-Jun-17,360,243,0,433.6
09-Jun-17,360,243,0,365
10-Jun-17,360,243,0,735
11-Jun-17,360,243,0,370
12-Jun-17,360,243,0,67.8
13-Jun-17,360,243,0,67.8
14-Jun-17,360,243,0,127.8
15-Jun-17,360,243,0,127.8
16-Jun-17,360,243,0,127.8
17-Jun-17,365,243,0,497.8
18-Jun-17,365,243,0,497.8
19-Jun-17,365,243,0,127.8
20-Jun-17,365,243,0,127.8
21-Jun-17,365,243,0,533.7
22-Jun-17,765,243,0,492.8
23-Jun-17,400,243,0,127.8
24-Jun-17,792.5,243,0,127.8
25-Jun-17,792.5,243,0,127.8
26-Jun-17,792.5,243,0,533.7
27-Jun-17,400,243,0,1133.7
28-Jun-17,400,243,0,1564.7
29-Jun-17,400,243,0,1995.7
30-Jun-17,400,243,0,1995.7
01-Jul-17,831,243,0,2321.2
02-Jul-17,831,243,0,2321.2
03-Jul-17,831,243,0,1957.2
04-Jul-17,831,243,0,1551.3
05-Jul-17,831,243,0,1158.8
06-Jul-17,831,243,0,1158.8
07-Jul-17,831,243,0,727.8
08-Jul-17,831,493,0,667.8
09-Jul-17,831,493,0,667.8
10-Jul-17,831,493,0,715.6
11-Jul-17,831,493,0,702.8
12-Jul-17,831,493,0,702.8
13-Jul-17,831,493,0,702.8
14-Jul-17,831,493,0,702.8
15-Jul-17,831,493,0,702.8
16-Jul-17,831,493,0,647.8
17-Jul-17,831,493,0,647.8
18-Jul-17,831,493,0,647.8
19-Jul-17,831,493,0,647.8
20-Jul-17,431,493,0,647.8
21-Jul-17,431,493,0,647.8
22-Jul-17,431,493,0,47.8
23-Jul-17,791,493,0,47.8
24-Jul-17,791,493,0,457.8
25-Jul-17,791,493,0,517.8
26-Jul-17,791,493,0,437.8
27-Jul-17,791,493,0,107.8
28-Jul-17,791,493,0,572.8
29-Jul-17,791,493,0,492.8
30-Jul-17,791,493,0,162.8
31-Jul-17,791,493,0,162.8
01-Aug-17,791,493,0,102.8
02-Aug-17,791,493,0,47.8
03-Aug-17,791,493,0,55.6
04-Aug-17,431,493,0,47.8
05-Aug-17,431,493,0,417.8
06-Aug-17,431,493,0,777.8
07-Aug-17,431,493,0,407.8
08-Aug-17,431,493,0,407.8
09-Aug-17,0,493,0,777.8
10-Aug-17,0,493,0,415.6
11-Aug-17,0,493,0,47.8
12-Aug-17,0,1076,0,950.4
13-Aug-17,0,1076,0,950.4
14-Aug-17,0,1076,0,451.6
15-Aug-17,0,1076,0,47.8
16-Aug-17,0,1076,0,47.8
17-Aug-17,0,1076,0,47.8
18-Aug-17,0,1076,0,47.8
19-Aug-17,0,1076,0,478.8
20-Aug-17,0,1076,0,478.8
21-Aug-17,0,1076,0,47.8
22-Aug-17,0,1076,0,47.8
23-Aug-17,0,1076,0,47.8
24-Aug-17,0,1076,0,412.8
25-Aug-17,0,833,0,412.8
26-Aug-17,0,833,0,412.8
27-Aug-17,0,233,0,812.8
28-Aug-17,0,233,0,297.8
29-Aug-17,0,233,0,297.8
30-Aug-17,0,233,0,387.8
31-Aug-17,0,233,0,377.5
01-Sep-17,0,233,0,704
02-Sep-17,0,233,0,704
03-Sep-17,0,233,0,704
04-Sep-17,0,233,0,1065
05-Sep-17,0,233,0,1065
06-Sep-17,0,233,0,1065
07-Sep-17,0,233,0,1795
08-Sep-17,0,233,0,1795
09-Sep-17,365,233,0,700
10-Sep-17,365,233,0,340
11-Sep-17,466,233,0,340
12-Sep-17,466,233,0,90
13-Sep-17,466,233,0,90
14-Sep-17,466,233,0,137.8
15-Sep-17,466,233,0,90
16-Sep-17,466,250,0,323
17-Sep-17,466,250,0,150
18-Sep-17,365,250,0,157.8
19-Sep-17,365,250,0,487.8
20-Sep-17,365,250,0,157.8
21-Sep-17,365,250,0,217.8
22-Sep-17,365,250,0,582.8
23-Sep-17,365,250,0,582.8
24-Sep-17,365,250,0,582.8
25-Sep-17,365,250,0,150
26-Sep-17,365,250,0,90
27-Sep-17,365,250,0,90
28-Sep-17,365,250,0,90
29-Sep-17,365,250,0,180
30-Sep-17,757.5,250,0,548
01-Oct-17,757.5,250,0,90
02-Oct-17,365,250,0,482.5
03-Oct-17,365,250,0,90
04-Oct-17,365,250,0,90
05-Oct-17,735,250,0,97.8
06-Oct-17,735,250,0,97.8
07-Oct-17,1095,250,0,627.8
08-Oct-17,1095,250,0,560
09-Oct-17,1095,250,0,560
10-Oct-17,725,250,0,560
11-Oct-17,725,250,0,90
12-Oct-17,725,250,0,460
13-Oct-17,725,250,0,460
14-Oct-17,725,250,0,824
15-Oct-17,725,250,0,460
16-Oct-17,725,250,0,825
17-Oct-17,725,250,0,460
18-Oct-17,725,250,0,90
19-Oct-17,732.8,250,0,90
20-Oct-17,725,250,0,90
21-Oct-17,725,232,0,455
22-Oct-17,725,232,0,455
23-Oct-17,725,232,0,90
24-Oct-17,360,232,0,90
25-Oct-17,367.8,232,0,455
26-Oct-17,360,232,0,565
27-Oct-17,360,232,0,847.5
28-Oct-17,360,232,0,801
29-Oct-17,360,232,0,436
30-Oct-17,360,232,0,801
31-Oct-17,360,232,0,801
01-Nov-17,360,232,0,801
02-Nov-17,360,232,0,920
03-Nov-17,360,232,0,1312.5
04-Nov-17,523,232,0,1312.5
05-Nov-17,523,232,0,1211.5
06-Nov-17,523,232,0,819
07-Nov-17,523,232,0,819
08-Nov-17,163,232,0,856.5
09-Nov-17,163,232,0,856.5
10-Nov-17,163,232,0,492.5
11-Nov-17,163,232,0,857.5
12-Nov-17,163,232,0,857.5
13-Nov-17,294,232,0,506.1
14-Nov-17,294,232,0,506.1
15-Nov-17,294,232,0,828.6
16-Nov-17,294,232,0,828.6
17-Nov-17,294,232,0,828.6
18-Nov-17,163,232,0,1192.6
19-Nov-17,163,232,0,1192.6
20-Nov-17,294,232,0,1192.6
21-Nov-17,294,232,0,468.6
22-Nov-17,294,232,0,468.6
23-Nov-17,294,232,0,468.6
24-Nov-17,294,232,0,468.6
25-Nov-17,163,232,0,455
26-Nov-17,163,232,0,825
27-Nov-17,163,232,0,455
28-Nov-17,163,232,0,455
29-Nov-17,163,233,0,455
30-Nov-17,163,233,0,455
01-Dec-17,163,233,0,90
02-Dec-17,0,233,0,90
03-Dec-17,0,233,0,631.8
04-Dec-17,212.5,233,0,845.3
05-Dec-17,212.5,233,0,632.8
06-Dec-17,212.5,233,0,308.19
07-Dec-17,212.5,233,0,308.19
08-Dec-17,0,233,0,308.19
09-Dec-17,0,233,0,308.19
10-Dec-17,0,233,0,608.39
11-Dec-17,212.5,233,0,240.39
12-Dec-17,212.5,233,0,90
13-Dec-17,212.5,233,0,90
14-Dec-17,212.5,233,0,90
15-Dec-17,212.5,233,0,90
16-Dec-17,212.5,233,0,892.5
17-Dec-17,212.5,233,0,892.5
18-Dec-17,212.5,233,0,892.5
19-Dec-17,212.5,233,0,892.5
20-Dec-17,212.5,233,0,982.5
21-Dec-17,212.5,233,0,982.5
22-Dec-17,212.5,233,0,482.5
23-Dec-17,294,233,0,913.5
24-Dec-17,294,233,0,1078.5
25-Dec-17,294,233,0,913.5
26-Dec-17,294,233,0,90
27-Dec-17,294,233,0,90
28-Dec-17,294,233,0,90
29-Dec-17,294,233,0,450
30-Dec-17,294,233,0,820
31-Dec-17,294,233,0,90
01-Jan-18,212.5,233,0,90
02-Jan-18,608.2,233,0,90
03-Jan-18,608.2,233,0,90
04-Jan-18,608.2,233,0,90
05-Jan-18,608.2,0,0,90
06-Jan-18,978.2,0,0,90
07-Jan-18,978.2,0,0,90
08-Jan-18,765.7,0,0,90
09-Jan-18,765.7,0,0,90
10-Jan-18,765.7,0,0,454
11-Jan-18,765.7,0,0,454
12-Jan-18,765.7,0,0,460
13-Jan-18,370,0,0,495.9
14-Jan-18,370,0,0,495.9
15-Jan-18,370,0,0,302.5
16-Jan-18,370,0,0,302.5
17-Jan-18,370,0,0,302.5
18-Jan-18,370,0,0,302.5
19-Jan-18,370,0,0,302.5
20-Jan-18,730,0,0,302.5
21-Jan-18,730,0,0,302.5
22-Jan-18,840,0,0,302.5
23-Jan-18,840,0,0,302.5
24-Jan-18,840,0,0,302.5
25-Jan-18,840,0,0,632.5
26-Jan-18,840,0,0,302.5
27-Jan-18,840,0,0,302.5
28-Jan-18,840,0,0,302.5
29-Jan-18,1232.5,0,0,302.5
30-Jan-18,1232.5,0,0,310.3
31-Jan-18,872.5,0,0,670.3
01-Feb-18,872.5,0,0,670.3
02-Feb-18,480,0,0,1062.8
03-Feb-18,370,0,0,1067.8
04-Feb-18,370,0,0,675.3
05-Feb-18,370,0,0,1252.8
06-Feb-18,370,0,0,887.8
07-Feb-18,370,0,0,990
08-Feb-18,370,0,0,990
09-Feb-18,370,0,0,990
10-Feb-18,370,0,0,777.5
11-Feb-18,0,0,0,1507.5
12-Feb-18,0,0,0,1155.3
13-Feb-18,0,0,0,785.3
14-Feb-18,0,0,0,675.3
15-Feb-18,0,0,0,675.3
16-Feb-18,0,0,0,1476.3
17-Feb-18,0,0,0,1476.3
18-Feb-18,0,0,0,1375.3
19-Feb-18,365,0,0,1410.3
20-Feb-18,365,0,0,675.3
21-Feb-18,365,0,0,675.3
22-Feb-18,365,0,0,675.3
23-Feb-18,365,0,0,1039.3
24-Feb-18,365,0,0,1549.3
25-Feb-18,365,0,0,1549.3
26-Feb-18,365,0,0,1941.8
27-Feb-18,365,0,0,1541.8
28-Feb-18,365,0,0,785.3
01-Mar-18,365,0,0,785.3
02-Mar-18,365,0,0,1225.69
03-Mar-18,365,0,0,1225.69
04-Mar-18,365,0,0,1225.69
05-Mar-18,365,0,0,917.3
06-Mar-18,365,0,0,1285.3
07-Mar-18,365,0,0,1175.3
08-Mar-18,365,0,0,1175.3
09-Mar-18,0,0,0,1567.8
10-Mar-18,0,0,0,2341.7
11-Mar-18,0,0,0,1973.7
12-Mar-18,438.4,250,0,1175.3
13-Mar-18,438.4,250,0,1175.3
14-Mar-18,438.4,250,0,807.3
15-Mar-18,438.4,250,0,1207.3
16-Mar-18,438.4,250,0,807.3
17-Mar-18,438.4,250,0,1217.3
18-Mar-18,438.4,250,0,1585.3
19-Mar-18,515.9,250,0,1585.3
20-Mar-18,515.9,250,0,1598.9
21-Mar-18,515.9,250,0,820.9
22-Mar-18,915.9,250,0,807.3
23-Mar-18,915.9,250,0,807.3
24-Mar-18,915.9,250,0,717.3
25-Mar-18,915.9,250,0,717.3
26-Mar-18,915.9,250,0,717.3
27-Mar-18,915.9,250,0,772.3
28-Mar-18,915.9,250,0,772.3
29-Mar-18,510,250,0,407.3
30-Mar-18,510,250,0,447.69
31-Mar-18,510,250,0,392.69
01-Apr-18,510,250,0,384.89
02-Apr-18,510,250,0,344.5
03-Apr-18,510,250,0,344.5
04-Apr-18,510,250,0,344.5
05-Apr-18,510,250,0,344.5
06-Apr-18,510,250,0,344.5
07-Apr-18,510,250,0,344.5
08-Apr-18,510,250,0,344.5
09-Apr-18,510,250,0,834.5
10-Apr-18,510,250,0,834.5
11-Apr-18,510,250,0,212.5
12-Apr-18,547.5,250,0,344.5
13-Apr-18,510,250,0,344.5
14-Apr-18,510,250,0,737
15-Apr-18,577.8,250,0,737
16-Apr-18,577.8,250,0,737
17-Apr-18,577.8,250,0,737
18-Apr-18,177.8,250,0,737
19-Apr-18,177.8,250,0,524.5
20-Apr-18,177.8,250,0,524.5
21-Apr-18,177.8,250,0,524.5
22-Apr-18,177.8,250,0,132
23-Apr-18,177.8,250,0,587
24-Apr-18,177.8,250,0,222
25-Apr-18,581.6,250,0,222
26-Apr-18,581.6,250,0,222
27-Apr-18,581.6,250,0,222
28-Apr-18,581.6,250,0,592
29-Apr-18,581.6,250,0,592
30-Apr-18,581.6,250,0,132
01-May-18,581.6,250,0,132
02-May-18,581.6,493,0,132
03-May-18,581.6,493,0,132
04-May-18,581.6,493,0,132
05-May-18,581.6,493,0,542
06-May-18,581.6,493,0,542
07-May-18,581.6,493,0,132
08-May-18,471.6,493,0,0
09-May-18,471.6,493,0,0
10-May-18,471.6,743,0,0
11-May-18,471.6,743,0,0
12-May-18,471.6,743,0,0
13-May-18,471.6,743,0,0
14-May-18,471.6,743,0,0
15-May-18,471.6,743,0,0
16-May-18,403.8,743,0,67.8
17-May-18,403.8,743,0,105.3
18-May-18,403.8,743,0,105.3
19-May-18,763.8,493,0,105.3
20-May-18,763.8,493,0,105.3
21-May-18,763.8,493,0,105.3
22-May-18,763.8,493,0,105.3
23-May-18,763.8,493,0,105.3
24-May-18,763.8,493,0,105.3
25-May-18,763.8,493,0,105.3
26-May-18,360,493,0,873.1
27-May-18,360,493,0,1243.1
28-May-18,360,493,0,879.1
29-May-18,360,493,0,841.6
30-May-18,360,493,0,504.1
31-May-18,360,493,0,403.8
01-Jun-18,360,493,0,471.6
02-Jun-18,360,493,0,403.8
03-Jun-18,728,493,0,0
04-Jun-18,728,493,0,0
05-Jun-18,728,493,0,0
06-Jun-18,728,493,0,0
07-Jun-18,728,493,0,410
08-Jun-18,728,493,0,410
09-Jun-18,728,493,0,410
10-Jun-18,728,493,0,410
11-Jun-18,360,493,0,778
12-Jun-18,360,493,0,778
13-Jun-18,360,493,0,778
14-Jun-18,360,243,0,1028
15-Jun-18,360,243,0,1025
16-Jun-18,360,243,0,1430.9
17-Jun-18,360,243,0,1430.9
18-Jun-18,360,243,0,1430.9
19-Jun-18,360,243,0,1430.9
20-Jun-18,360,243,0,1795.9
21-Jun-18,360,243,0,1430.9
22-Jun-18,360,243,0,1025
23-Jun-18,360,243,0,1143
24-Jun-18,360,243,0,1183.3
25-Jun-18,360,243,0,778
26-Jun-18,725,243,0,410
27-Jun-18,725,243,0,410
28-Jun-18,725,243,0,780
29-Jun-18,725,243,0,409.45
30-Jun-18,725,243,0,469.45
01-Jul-18,725,243,0,469.45
02-Jul-18,360,243,0,464.45
03-Jul-18,730,243,0,464.45
04-Jul-18,730,243,0,464.45
05-Jul-18,730,243,0,834.45
06-Jul-18,730,243,0,469.45
07-Jul-18,370,243,0,39.45
08-Jul-18,370,243,0,39.45
09-Jul-18,370,243,0,39.45
10-Jul-18,370,243,0,0
11-Jul-18,370,243,0,0
12-Jul-18,370,243,0,0
13-Jul-18,370,243,0,0
14-Jul-18,370,243,0,0
15-Jul-18,730,243,0,0
16-Jul-18,730,243,0,0
17-Jul-18,730,243,0,0
18-Jul-18,730,243,0,0
19-Jul-18,730,243,0,0
20-Jul-18,730,243,0,0
21-Jul-18,730,243,0,0
22-Jul-18,730,243,0,0
23-Jul-18,730,243,0,0
24-Jul-18,730,243,0,0
25-Jul-18,730,243,0,0
26-Jul-18,730,243,0,0
27-Jul-18,730,243,0,0
28-Jul-18,730,243,0,365
29-Jul-18,730,243,0,365
30-Jul-18,730,243,0,405.3
31-Jul-18,730,243,0,405.3
01-Aug-18,730,0,0,365
02-Aug-18,730,0,0,365
03-Aug-18,730,0,0,730
04-Aug-18,730,0,0,365
05-Aug-18,730,0,0,365
06-Aug-18,360,0,0,365
07-Aug-18,360,0,0,365
08-Aug-18,360,0,0,765
09-Aug-18,360,0,0,1135
10-Aug-18,360,0,0,365
11-Aug-18,360,0,0,365
12-Aug-18,360,0,0,0
13-Aug-18,572.5,0,0,0
14-Aug-18,572.5,0,0,40.3
15-Aug-18,572.5,0,0,40.3
16-Aug-18,817.5,0,0,40.3
17-Aug-18,605,0,0,0
18-Aug-18,605,0,0,0
19-Aug-18,605,0,0,0
20-Aug-18,817.5,0,0,0
21-Aug-18,817.5,0,0,0
22-Aug-18,457.5,0,0,360
23-Aug-18,457.5,0,0,755.7
24-Aug-18,245,0,0,810.7
25-Aug-18,245,0,0,820.7
26-Aug-18,245,0,0,820.7
27-Aug-18,245,0,0,1185.7
28-Aug-18,245,233,0,1158
29-Aug-18,245,233,0,790
30-Aug-18,245,233,0,790
31-Aug-18,245,233,0,790
01-Sep-18,346,233,0,425
02-Sep-18,346,233,0,425
03-Sep-18,672,233,0,425
04-Sep-18,672,233,0,425
05-Sep-18,672,233,0,425
06-Sep-18,672,233,0,423
07-Sep-18,672,233,0,823
08-Sep-18,672,233,0,823
09-Sep-18,672,233,0,823
10-Sep-18,672,233,0,823
11-Sep-18,803,233,0,368
12-Sep-18,803,233,0,368
13-Sep-18,702,233,0,0
14-Sep-18,702,233,0,0
15-Sep-18,457,233,0,645
16-Sep-18,326,233,0,645
17-Sep-18,326,233,0,645
18-Sep-18,326,233,0,1569.8
19-Sep-18,326,233,0,1138.8
20-Sep-18,326,233,0,703
21-Sep-18,326,233,0,834
22-Sep-18,326,233,0,834
23-Sep-18,326,233,0,703
24-Sep-18,326,233,0,458
25-Sep-18,326,233,0,458
26-Sep-18,326,233,0,458
27-Sep-18,326,233,0,103.6
28-Sep-18,326,233,0,638.4
29-Sep-18,326,233,0,1418.4
30-Sep-18,326,233,0,1418.4
01-Oct-18,0,246.6,0,1404.8
02-Oct-18,0,13.6,0,1404.8
03-Oct-18,0,13.6,0,1404.8
04-Oct-18,0,13.6,0,1001
05-Oct-18,0,13.6,0,591
06-Oct-18,0,263.6,0,591
07-Oct-18,0,263.6,0,591
08-Oct-18,0,263.6,0,591
09-Oct-18,0,263.6,0,946
10-Oct-18,0,263.6,0,946
11-Oct-18,0,263.6,0,946
12-Oct-18,0,263.6,0,815
13-Oct-18,0,263.6,0,1180
14-Oct-18,0,263.6,0,860.3
15-Oct-18,0,263.6,0,130.3
16-Oct-18,0,863.6,0,130.3
17-Oct-18,0,863.6,0,130.3
18-Oct-18,0,863.6,0,495.3
19-Oct-18,0,863.6,0,495.3
20-Oct-18,0,863.6,0,887.8
21-Oct-18,0,863.6,0,887.8
22-Oct-18,0,863.6,0,1306.8
23-Oct-18,0,863.6,0,1372.8
24-Oct-18,0,863.6,0,1372.8
25-Oct-18,0,863.6,0,980.3
26-Oct-18,0,863.6,0,576
27-Oct-18,0,863.6,0,986
28-Oct-18,0,863.6,0,986
29-Oct-18,0,863.6,0,946
30-Oct-18,0,863.6,0,946
31-Oct-18,0,863.6,0,946
01-Nov-18,0,250,0,869.6
02-Nov-18,0,250,0,499.6
03-Nov-18,0,250,0,499.6
04-Nov-18,0,0,0,749.6
05-Nov-18,0,0,0,749.6
06-Nov-18,0,0,0,694.6
07-Nov-18,0,0,0,263.6
08-Nov-18,0,0,0,263.6
09-Nov-18,0,0,0,263.6
10-Nov-18,0,0,0,263.6
11-Nov-18,400,0,0,263.6
12-Nov-18,400,0,0,673.6
13-Nov-18,400,0,0,263.6
14-Nov-18,400,0,0,263.6
15-Nov-18,400,0,0,263.6
16-Nov-18,400,0,0,263.6
17-Nov-18,0,0,0,263.6
18-Nov-18,0,0,0,263.6
19-Nov-18,0,0,0,1032.4
20-Nov-18,245,0,0,628.6
21-Nov-18,245,0,0,418.9
22-Nov-18,245,0,0,418.9
23-Nov-18,245,0,0,405.3
24-Nov-18,245,0,0,769.3
25-Nov-18,245,0,0,729
26-Nov-18,245,0,0,1094
27-Nov-18,245,0,0,1094
28-Nov-18,245,0,0,729
29-Nov-18,245,0,0,729
30-Nov-18,245,0,0,729
01-Dec-18,245,250,0,364
02-Dec-18,245,250,0,0
03-Dec-18,245,250,0,131
04-Dec-18,245,250,0,131
05-Dec-18,245,250,0,131
06-Dec-18,245,250,0,131
07-Dec-18,245,250,0,131
08-Dec-18,245,250,0,376
09-Dec-18,245,250,0,376
10-Dec-18,245,250,0,740
11-Dec-18,245,250,0,740
12-Dec-18,245,250,0,376
13-Dec-18,245,250,0,0
14-Dec-18,245,250,0,0
15-Dec-18,245,250,0,0
16-Dec-18,245,250,0,0
17-Dec-18,245,250,0,0
18-Dec-18,245,250,0,0
19-Dec-18,245,250,0,0
20-Dec-18,0,250,0,0
21-Dec-18,0,250,0,0
22-Dec-18,1095,250,0,400
23-Dec-18,1095,250,0,400
24-Dec-18,1095,250,0,400
25-Dec-18,1095,250,0,0
26-Dec-18,1095,250,0,0
27-Dec-18,1095,250,0,0
28-Dec-18,1095,250,0,110
29-Dec-18,1095,250,0,510
30-Dec-18,0,250,0,510
31-Dec-18,0,250,0,110
01-Jan-19,405.9,0,0,405.9
02-Jan-19,405.9,0,0,405.9
03-Jan-19,801.6,0,0,801.6
04-Jan-19,801.6,0,0,801.6
05-Jan-19,801.6,232,0,1033.6
06-Jan-19,801.6,232,0,1033.6
07-Jan-19,801.6,232,0,1033.6
08-Jan-19,801.6,232,0,1033.6
09-Jan-19,801.6,232,0,1033.6
10-Jan-19,801.6,232,0,1033.6
11-Jan-19,801.6,232,0,1033.6
12-Jan-19,1342.6,232,0,1574.6
13-Jan-19,1382.9,232,0,1614.9
14-Jan-19,987.2,232,0,1219.2
15-Jan-19,987.2,232,0,1219.2
16-Jan-19,987.2,232,0,1219.2
17-Jan-19,987.2,232,0,1219.2
18-Jan-19,987.2,232,0,1219.2
19-Jan-19,991.3,232,0,1223.3
20-Jan-19,951,232,0,1183
21-Jan-19,951,232,0,1183
22-Jan-19,951,232,0,1183
23-Jan-19,951,232,0,1183
24-Jan-19,951,232,0,1183
25-Jan-19,951,232,0,1183
26-Jan-19,951,232,0,1183
27-Jan-19,951,232,0,1183
28-Jan-19,951,232,0,1183
29-Jan-19,520,232,0,752
30-Jan-19,520,232,0,752
31-Jan-19,520,232,0,752
01-Feb-19,520,232,0,752
02-Feb-19,912.5,232,0,1144.5
03-Feb-19,912.5,232,0,1144.5
04-Feb-19,912.5,232,0,1144.5
05-Feb-19,912.5,232,0,1144.5
06-Feb-19,912.5,232,0,1144.5
07-Feb-19,520,232,0,752
08-Feb-19,920,232,0,1152
09-Feb-19,920,232,0,1152
10-Feb-19,920,232,0,1152
11-Feb-19,920,232,0,1152
12-Feb-19,920,232,0,1152
13-Feb-19,920,232,0,1152
14-Feb-19,920,232,0,1152
15-Feb-19,920,232,0,1152
16-Feb-19,920,232,0,1152
17-Feb-19,920,232,0,1152
18-Feb-19,920,232,0,1152
19-Feb-19,510,232,0,742
20-Feb-19,510,232,0,742
21-Feb-19,510,232,0,742
22-Feb-19,480,232,0,712
23-Feb-19,890,0,0,890
24-Feb-19,890,0,0,890
25-Feb-19,480,0,0,480
26-Feb-19,480,0,0,480
27-Feb-19,480,0,0,480
28-Feb-19,480,0,0,480
01-Mar-19,480,0,0,480
02-Mar-19,840,233,0,1073
03-Mar-19,470,233,0,703
04-Mar-19,912.5,233,0,1145.5
05-Mar-19,802.5,233,0,1035.5
06-Mar-19,802.5,233,0,1035.5
07-Mar-19,802.5,233,0,1035.5
08-Mar-19,1195,233,0,1428
09-Mar-19,1162.5,233,0,1395.5
10-Mar-19,1162.5,233,0,1395.5
11-Mar-19,770,233,0,1003
12-Mar-19,770,233,0,1003
13-Mar-19,770,233,0,1003
14-Mar-19,770,233,0,1003
15-Mar-19,770,233,0,1003
16-Mar-19,770,233,0,1003
17-Mar-19,770,233,0,1003
18-Mar-19,770,233,0,1003
19-Mar-19,770,233,0,1003
20-Mar-19,770,233,0,1003
21-Mar-19,770,233,0,1003
22-Mar-19,810.3,233,0,1043.3
23-Mar-19,850.6,233,0,1083.6
24-Mar-19,850.6,233,0,1083.6
25-Mar-19,850.6,233,0,1083.6
26-Mar-19,850.6,233,0,1083.6
27-Mar-19,850.6,233,0,1083.6
28-Mar-19,850.6,233,0,1083.6
29-Mar-19,850.6,233,0,1083.6
30-Mar-19,810.3,233,0,1043.3
31-Mar-19,810.3,233,0,1043.3
01-Apr-19,810.3,233,0,1043.3
02-Apr-19,810.3,233,0,1043.3
03-Apr-19,810.3,233,0,1043.3
04-Apr-19,400.3,233,0,633.3
05-Apr-19,400.3,233,0,633.3
06-Apr-19,765.3,233,0,998.3
07-Apr-19,765.3,233,0,998.3
08-Apr-19,365,233,0,598
09-Apr-19,365,233,0,598
10-Apr-19,365,233,0,598
11-Apr-19,365,233,0,598
12-Apr-19,735,233,0,968
13-Apr-19,735,233,0,968
14-Apr-19,730,233,0,963
15-Apr-19,730,233,0,963
16-Apr-19,730,233,0,963
17-Apr-19,730,233,0,963
18-Apr-19,730,233,0,963
19-Apr-19,730,233,0,963
20-Apr-19,797.8,233,0,1030.8
21-Apr-19,797.8,233,0,1030.8
22-Apr-19,427.8,233,0,660.8
23-Apr-19,427.8,233,0,660.8
24-Apr-19,427.8,233,0,660.8
25-Apr-19,831.6,233,0,1064.6
26-Apr-19,831.6,233,0,1064.6
27-Apr-19,831.6,233,0,1064.6
28-Apr-19,831.6,233,0,1064.6
29-Apr-19,831.6,233,0,1064.6
30-Apr-19,831.6,233,0,1064.6
01-May-19,831.6,233,0,1064.6
02-May-19,427.8,233,0,660.8
03-May-19,67.8,233,0,300.8
04-May-19,463.5,233,0,696.5
05-May-19,463.5,233,0,696.5
06-May-19,463.5,233,0,696.5
07-May-19,463.5,233,0,696.5
08-May-19,463.5,233,0,696.5
09-May-19,463.5,233,0,696.5
10-May-19,463.5,233,0,696.5
11-May-19,856,233,0,1089
12-May-19,460.3,233,0,693.3
13-May-19,995.3,233,0,1228.3
14-May-19,602.8,233,0,835.8
15-May-19,602.8,233,0,835.8
16-May-19,602.8,233,0,835.8
17-May-19,602.8,233,0,835.8
18-May-19,995.3,233,0,1228.3
19-May-19,995.3,233,0,1228.3
20-May-19,602.8,233,0,835.8
21-May-19,602.8,233,0,835.8
22-May-19,602.8,233,0,835.8
23-May-19,602.8,233,0,835.8
24-May-19,602.8,233,0,835.8
25-May-19,602.8,233,0,835.8
26-May-19,602.8,233,0,835.8
27-May-19,602.8,233,0,835.8
28-May-19,492.8,233,0,725.8
29-May-19,492.8,233,0,725.8
30-May-19,492.8,233,0,725.8
31-May-19,492.8,233,0,725.8
01-Jun-19,530.3,233,0,763.3
02-Jun-19,530.3,233,0,763.3
03-Jun-19,530.3,233,0,763.3
04-Jun-19,530.3,233,0,763.3
05-Jun-19,530.3,233,0,763.3
06-Jun-19,530.3,233,0,763.3
07-Jun-19,530.3,233,0,763.3
08-Jun-19,898.3,288,0,1186.3
09-Jun-19,830.5,288,0,1118.5
10-Jun-19,830.5,288,0,1118.5
11-Jun-19,830.5,288,0,1118.5
12-Jun-19,830.5,288,0,1118.5
13-Jun-19,790,288,0,1078
14-Jun-19,790,288,0,1078
15-Jun-19,790,288,0,1078
16-Jun-19,790,288,0,1078
17-Jun-19,953,288,0,1241
18-Jun-19,953,288,0,1241
19-Jun-19,953,288,0,1241
20-Jun-19,953,288,0,1241
21-Jun-19,588,288,0,876
22-Jun-19,588,288,0,876
23-Jun-19,588,288,0,876
24-Jun-19,588,288,0,876
25-Jun-19,588,288,0,876
26-Jun-19,588,288,0,876
27-Jun-19,588,288,0,876
28-Jun-19,588,288,0,876
29-Jun-19,588,233,0,821
30-Jun-19,588,233,0,821
01-Jul-19,829.45,0,0,829.45
02-Jul-19,829.45,0,0,829.45
03-Jul-19,829.45,0,0,829.45
04-Jul-19,829.45,0,0,829.45
05-Jul-19,829.45,0,0,829.45
06-Jul-19,829.45,0,0,829.45
07-Jul-19,829.45,0,0,829.45
08-Jul-19,829.45,0,0,829.45
09-Jul-19,829.45,0,0,829.45
10-Jul-19,829.45,0,0,829.45
11-Jul-19,829.45,0,0,829.45
12-Jul-19,1233.25,0,0,1233.25
13-Jul-19,1193.8,0,0,1193.8
14-Jul-19,1193.8,0,0,1193.8
15-Jul-19,790,0,0,790
16-Jul-19,790,0,0,790
17-Jul-19,790,0,0,790
18-Jul-19,790,0,0,790
19-Jul-19,790,0,0,790
20-Jul-19,955,0,0,955
21-Jul-19,955,0,0,955
22-Jul-19,955,0,0,955
23-Jul-19,955,0,0,955
24-Jul-19,955,0,0,955
25-Jul-19,955,0,0,955
26-Jul-19,955,0,0,955
27-Jul-19,790,250,0,1040
28-Jul-19,790,250,0,1040
29-Jul-19,790,250,0,1040
30-Jul-19,790,250,0,1040
31-Jul-19,790,250,0,1040
01-Aug-19,1347.5,250,0,1597.5
02-Aug-19,1347.5,250,0,1597.5
03-Aug-19,1347.5,250,0,1597.5
04-Aug-19,1347.5,250,0,1597.5
05-Aug-19,1347.5,250,0,1597.5
06-Aug-19,1347.5,250,0,1597.5
07-Aug-19,1120,250,0,1370
08-Aug-19,1347.5,250,0,1597.5
09-Aug-19,1182.5,250,0,1432.5
10-Aug-19,1182.5,250,0,1432.5
11-Aug-19,1182.5,250,0,1432.5
12-Aug-19,1182.5,250,0,1432.5
13-Aug-19,1182.5,250,0,1432.5
14-Aug-19,1182.5,250,0,1432.5
15-Aug-19,1182.5,250,0,1432.5
16-Aug-19,1182.5,250,0,1432.5
17-Aug-19,1182.5,250,0,1432.5
18-Aug-19,1182.5,250,0,1432.5
19-Aug-19,1182.5,250,0,1432.5
20-Aug-19,1182.5,250,0,1432.5
21-Aug-19,1182.5,250,0,1432.5
22-Aug-19,1182.5,250,0,1432.5
23-Aug-19,1182.5,250,0,1432.5
24-Aug-19,1182.5,250,0,1432.5
25-Aug-19,1182.5,250,0,1432.5
26-Aug-19,1182.5,250,0,1432.5
27-Aug-19,1182.5,250,0,1432.5
28-Aug-19,1182.5,250,0,1432.5
29-Aug-19,1182.5,250,0,1432.5
30-Aug-19,1182.5,250,0,1432.5
31-Aug-19,1182.5,0,0,1182.5
01-Sep-19,1182.5,0,0,1182.5
02-Sep-19,1182.5,600,0,1782.5
03-Sep-19,1182.5,600,0,1782.5
04-Sep-19,1182.5,600,0,1782.5
05-Sep-19,1182.5,600,0,1782.5
06-Sep-19,1182.5,600,0,1782.5
07-Sep-19,1182.5,600,0,1782.5
08-Sep-19,1182.5,600,0,1782.5
09-Sep-19,1154,600,0,1754
10-Sep-19,1154,600,0,1754
11-Sep-19,1154,600,0,1754
12-Sep-19,1154,600,0,1754
13-Sep-19,1154,600,0,1754
14-Sep-19,1154,600,0,1754
15-Sep-19,1154,600,0,1754
16-Sep-19,1154,0,0,1154
17-Sep-19,1154,0,0,1154
18-Sep-19,1154,0,0,1154
19-Sep-19,1154,0,0,1154
20-Sep-19,1154,0,0,1154
21-Sep-19,1549.7,0,0,1549.7
22-Sep-19,1549.7,0,0,1549.7
23-Sep-19,1549.7,0,0,1549.7
24-Sep-19,1549.7,0,0,1549.7
25-Sep-19,1549.7,0,0,1549.7
26-Sep-19,1549.7,0,0,1549.7
27-Sep-19,1549.7,0,0,1549.7
28-Sep-19,1549.7,0,0,1549.7
29-Sep-19,1154,0,0,1154
30-Sep-19,1154,0,0,1154
01-Oct-19,1214,0,0,1214
02-Oct-19,1214,0,0,1214
03-Oct-19,1214,0,0,1214
04-Oct-19,1214,0,0,1214
05-Oct-19,1214,0,0,1214
06-Oct-19,1214,0,0,1214
07-Oct-19,1574,0,0,1574
08-Oct-19,1574,0,0,1574
09-Oct-19,1574,0,0,1574
10-Oct-19,1574,0,0,1574
11-Oct-19,1574,0,0,1574
12-Oct-19,1574,0,0,1574
13-Oct-19,1574,0,0,1574
14-Oct-19,1581.8,0,0,1581.8
15-Oct-19,1581.8,0,0,1581.8
16-Oct-19,1581.8,0,0,1581.8
17-Oct-19,1581.8,0,0,1581.8
18-Oct-19,1574,0,0,1574
19-Oct-19,1210,0,0,1210
20-Oct-19,1210,0,0,1210
21-Oct-19,1210,0,0,1210
22-Oct-19,1210,0,0,1210
23-Oct-19,1210,0,0,1210
24-Oct-19,1210,0,0,1210
25-Oct-19,1210,0,0,1210
26-Oct-19,1210,0,0,1210
27-Oct-19,1210,0,0,1210
28-Oct-19,1210,0,0,1210
29-Oct-19,1210,0,0,1210
30-Oct-19,1210,0,0,1210
31-Oct-19,1210,0,0,1210
01-Nov-19,1311,0,0,1311
02-Nov-19,1311,0,0,1311
03-Nov-19,1311,0,0,1311
04-Nov-19,1311,0,0,1311
05-Nov-19,1311,0,0,1311
06-Nov-19,1311,0,0,1311
07-Nov-19,1311,0,0,1311
08-Nov-19,1311,0,0,1311
09-Nov-19,1311,0,0,1311
10-Nov-19,1311,0,0,1311
11-Nov-19,1311,0,0,1311
12-Nov-19,1311,0,0,1311
13-Nov-19,1311,0,0,1311
14-Nov-19,1311,0,0,1311
15-Nov-19,951,0,0,951
16-Nov-19,951,0,0,951
17-Nov-19,951,0,0,951
18-Nov-19,951,0,0,951
19-Nov-19,951,0,0,951
20-Nov-19,951,0,0,951
21-Nov-19,951,0,0,951
22-Nov-19,951,0,0,951
23-Nov-19,1742,0,0,1742
24-Nov-19,1742,0,0,1742
25-Nov-19,1742,0,0,1742
26-Nov-19,1742,0,0,1742
27-Nov-19,1742,0,0,1742
28-Nov-19,1742,0,0,1742
29-Nov-19,1210,0,0,1210
30-Nov-19,1455,233,0,1688
01-Dec-19,1095,233,0,1328
02-Dec-19,1095,233,0,1328
03-Dec-19,1095,233,0,1328
04-Dec-19,1095,233,0,1328
05-Dec-19,1095,233,0,1328
06-Dec-19,1095,233,0,1328
07-Dec-19,1340,233,0,1573
08-Dec-19,1340,233,0,1573
09-Dec-19,1340,233,0,1573
10-Dec-19,1340,233,0,1573
11-Dec-19,1340,233,0,1573
12-Dec-19,1340,233,0,1573
13-Dec-19,1340,233,0,1573
14-Dec-19,850,233,0,1083
15-Dec-19,850,233,0,1083
16-Dec-19,850,233,0,1083
17-Dec-19,850,233,0,1083
18-Dec-19,850,233,0,1083
19-Dec-19,850,233,0,1083
20-Dec-19,1253.8,233,0,1486.8
21-Dec-19,1253.8,233,0,1486.8
22-Dec-19,1253.8,233,0,1486.8
23-Dec-19,850,233,0,1083
24-Dec-19,850,233,0,1083
25-Dec-19,850,233,0,1083
26-Dec-19,850,233,0,1083
27-Dec-19,850,233,0,1083
28-Dec-19,1242.5,233,0,1475.5
29-Dec-19,1242.5,233,0,1475.5
30-Dec-19,850,233,0,1083
31-Dec-19,790,233,0,1023
