date,price
12/31/19,1.3452
12/30/19,1.3488
12/29/19,1.3524
12/28/19,1.352
12/27/19,1.3521
12/26/19,1.354
12/25/19,1.355
12/24/19,1.3555
12/23/19,1.3555
12/22/19,1.355
12/21/19,1.3552
12/20/19,1.355
12/19/19,1.3551
12/18/19,1.3554
12/17/19,1.3553
12/16/19,1.3548
12/15/19,1.3544
12/14/19,1.3538
12/13/19,1.3538
12/12/19,1.3535
12/11/19,1.3573
12/10/19,1.3586
12/9/19,1.3601
12/8/19,1.3603
12/7/19,1.3603
12/6/19,1.3608
12/5/19,1.3606
12/4/19,1.3632
12/3/19,1.3641
12/2/19,1.3664
12/1/19,1.3675
11/30/19,1.3678
11/29/19,1.3678
11/28/19,1.3658
11/27/19,1.365
11/26/19,1.3642
11/25/19,1.3648
11/24/19,1.3643
11/23/19,1.3644
11/22/19,1.3645
11/21/19,1.3631
11/20/19,1.3619
11/19/19,1.3605
11/18/19,1.3598
11/17/19,1.3606
11/16/19,1.3603
11/15/19,1.3604
11/14/19,1.3622
11/13/19,1.3628
11/12/19,1.3622
11/11/19,1.3609
11/10/19,1.3597
11/9/19,1.3595
11/8/19,1.3595
11/7/19,1.3575
11/6/19,1.3599
11/5/19,1.359
11/4/19,1.3589
11/3/19,1.3573
11/2/19,1.3578
11/1/19,1.3581
10/31/19,1.3606
10/30/19,1.3614
10/29/19,1.3622
10/28/19,1.3624
10/27/19,1.3633
10/26/19,1.3634
10/25/19,1.3632
10/24/19,1.3632
10/23/19,1.362
10/22/19,1.3632
10/21/19,1.3612
10/20/19,1.3642
10/19/19,1.3641
10/18/19,1.3641
10/17/19,1.3646
10/16/19,1.3701
10/15/19,1.3707
10/14/19,1.3685
10/13/19,1.3721
10/12/19,1.3728
10/11/19,1.3728
10/10/19,1.3757
10/9/19,1.3809
10/8/19,1.3825
10/7/19,1.3811
10/6/19,1.3793
10/5/19,1.3788
10/4/19,1.3786
10/3/19,1.3803
10/2/19,1.3842
10/1/19,1.3852
9/30/19,1.3817
9/29/19,1.3817
9/28/19,1.3816
9/27/19,1.3816
9/26/19,1.3817
9/25/19,1.3786
9/24/19,1.3755
9/23/19,1.3773
9/22/19,1.3773
9/21/19,1.3773
9/20/19,1.3773
9/19/19,1.3789
9/18/19,1.3758
9/17/19,1.374
9/16/19,1.3755
9/15/19,1.3741
9/14/19,1.3735
9/13/19,1.3734
9/12/19,1.3755
9/11/19,1.3794
9/10/19,1.3795
9/9/19,1.3797
9/8/19,1.3813
9/7/19,1.3813
9/6/19,1.3813
9/5/19,1.3841
9/4/19,1.3843
9/3/19,1.3904
9/2/19,1.3908
9/1/19,1.3893
8/31/19,1.3876
8/30/19,1.3875
8/29/19,1.3881
8/28/19,1.3886
8/27/19,1.3894
8/26/19,1.3884
8/25/19,1.3899
8/24/19,1.3871
8/23/19,1.3871
8/22/19,1.3855
8/21/19,1.3836
8/20/19,1.3852
8/19/19,1.3867
8/18/19,1.3849
8/17/19,1.3845
8/16/19,1.3845
8/15/19,1.3891
8/14/19,1.3901
8/13/19,1.3836
8/12/19,1.3869
8/11/19,1.3855
8/10/19,1.3857
8/9/19,1.3857
8/8/19,1.3831
8/7/19,1.3821
8/6/19,1.3815
8/5/19,1.3847
8/4/19,1.3771
8/3/19,1.3768
8/2/19,1.3768
8/1/19,1.377
7/31/19,1.3743
7/30/19,1.3707
7/29/19,1.3702
7/28/19,1.3689
7/27/19,1.37
7/26/19,1.3695
7/25/19,1.3677
7/24/19,1.3646
7/23/19,1.3656
7/22/19,1.3607
7/21/19,1.3602
7/20/19,1.3604
7/19/19,1.3604
7/18/19,1.3565
7/17/19,1.3613
7/16/19,1.3585
7/15/19,1.3561
7/14/19,1.3584
7/13/19,1.3574
7/12/19,1.3574
7/11/19,1.3571
7/10/19,1.3581
7/9/19,1.3616
7/8/19,1.3594
7/7/19,1.36
7/6/19,1.3595
7/5/19,1.3597
7/4/19,1.3557
7/3/19,1.3566
7/2/19,1.3562
7/1/19,1.356
6/30/19,1.3522
6/29/19,1.3528
6/28/19,1.3528
6/27/19,1.3537
6/26/19,1.3547
6/25/19,1.3549
6/24/19,1.3535
6/23/19,1.3551
6/22/19,1.3552
6/21/19,1.3552
6/20/19,1.3556
6/19/19,1.3628
6/18/19,1.3667
6/17/19,1.3705
6/16/19,1.3714
6/15/19,1.3712
6/14/19,1.3712
6/13/19,1.3666
6/12/19,1.3668
6/11/19,1.364
6/10/19,1.3658
6/9/19,1.3625
6/8/19,1.3619
6/7/19,1.3618
6/6/19,1.3643
6/5/19,1.3672
6/4/19,1.3664
6/3/19,1.3666
6/2/19,1.3759
6/1/19,1.3739
5/31/19,1.3739
5/30/19,1.3792
5/29/19,1.3812
5/28/19,1.3797
5/27/19,1.3752
5/26/19,1.3753
5/25/19,1.3755
5/24/19,1.3754
5/23/19,1.379
5/22/19,1.3791
5/21/19,1.377
5/20/19,1.376
5/19/19,1.377
5/18/19,1.3775
5/17/19,1.3774
5/16/19,1.3729
5/15/19,1.3683
5/14/19,1.3687
5/13/19,1.3707
5/12/19,1.3632
5/11/19,1.3629
5/10/19,1.3629
5/9/19,1.3646
5/8/19,1.3628
5/7/19,1.3628
5/6/19,1.3638
5/5/19,1.3642
5/4/19,1.3604
5/3/19,1.3604
5/2/19,1.3627
5/1/19,1.3611
4/30/19,1.3606
4/29/19,1.3614
4/28/19,1.362
4/27/19,1.362
4/26/19,1.3621
4/25/19,1.3624
4/24/19,1.3618
4/23/19,1.3572
4/22/19,1.3561
4/21/19,1.3552
4/20/19,1.3545
4/19/19,1.3545
4/18/19,1.3557
4/17/19,1.3528
4/16/19,1.3545
4/15/19,1.3528
4/14/19,1.353
4/13/19,1.353
4/12/19,1.3529
4/11/19,1.356
4/10/19,1.3519
4/9/19,1.3537
4/8/19,1.3546
4/7/19,1.3554
4/6/19,1.3546
4/5/19,1.3547
4/4/19,1.355
4/3/19,1.3536
4/2/19,1.3552
4/1/19,1.3548
3/31/19,1.3549
3/30/19,1.3558
3/29/19,1.3553
3/28/19,1.3565
3/27/19,1.3558
3/26/19,1.352
3/25/19,1.35
3/24/19,1.3527
3/23/19,1.3525
3/22/19,1.3524
3/21/19,1.3484
3/20/19,1.3464
3/19/19,1.3512
3/18/19,1.3517
3/17/19,1.3525
3/16/19,1.3525
3/15/19,1.3504
3/14/19,1.3554
3/13/19,1.3524
3/12/19,1.3558
3/11/19,1.3574
3/10/19,1.3593
3/9/19,1.3584
3/8/19,1.3588
3/7/19,1.361
3/6/19,1.3574
3/5/19,1.3563
3/4/19,1.3544
3/3/19,1.3532
3/2/19,1.355
3/1/19,1.355
2/28/19,1.3519
2/27/19,1.3487
2/26/19,1.3475
2/25/19,1.3495
2/24/19,1.3508
2/23/19,1.3513
2/22/19,1.3501
2/21/19,1.354
2/20/19,1.3517
2/19/19,1.353
2/18/19,1.3564
2/17/19,1.357
2/16/19,1.3566
2/15/19,1.3554
2/14/19,1.3576
2/13/19,1.36
2/12/19,1.3568
2/11/19,1.3609
2/10/19,1.3566
2/9/19,1.3568
2/8/19,1.3564
2/7/19,1.3569
2/6/19,1.3558
2/5/19,1.3513
2/4/19,1.3528
2/3/19,1.3502
2/2/19,1.3503
2/1/19,1.3501
1/31/19,1.346
1/30/19,1.3467
1/29/19,1.3522
1/28/19,1.3535
1/27/19,1.3534
1/26/19,1.3537
1/25/19,1.3524
1/24/19,1.3608
1/23/19,1.3587
1/22/19,1.3594
1/21/19,1.3588
1/20/19,1.3584
1/19/19,1.3587
1/18/19,1.3585
1/17/19,1.3558
1/16/19,1.3549
1/15/19,1.3565
1/14/19,1.3536
1/13/19,1.3531
1/12/19,1.3531
1/11/19,1.3528
1/10/19,1.3524
1/9/19,1.354
1/8/19,1.3578
1/7/19,1.3559
1/6/19,1.3592
1/5/19,1.3592
1/4/19,1.3593
1/3/19,1.3639
1/2/19,1.367
1/1/19,1.363
12/31/18,1.3629
12/30/18,1.3666
12/29/18,1.3661
12/28/18,1.3654
12/27/18,1.3711
12/26/18,1.3725
12/25/18,1.3721
12/24/18,1.3738
12/23/18,1.3744
12/22/18,1.3747
12/21/18,1.3742
12/20/18,1.3703
12/19/18,1.3718
12/18/18,1.3704
12/17/18,1.3728
12/16/18,1.3768
12/15/18,1.3768
12/14/18,1.3764
12/13/18,1.3716
12/12/18,1.372
12/11/18,1.373
12/10/18,1.3739
12/9/18,1.3706
12/8/18,1.369
12/7/18,1.3699
12/6/18,1.3694
12/5/18,1.3669
12/4/18,1.3651
12/3/18,1.367
12/2/18,1.37
12/1/18,1.3718
11/30/18,1.3721
11/29/18,1.3703
11/28/18,1.3734
11/27/18,1.3775
11/26/18,1.3749
11/25/18,1.3752
11/24/18,1.3751
11/23/18,1.375
11/22/18,1.373
11/21/18,1.3732
11/20/18,1.3751
11/19/18,1.372
11/18/18,1.3733
11/17/18,1.3723
11/16/18,1.3731
11/15/18,1.3757
11/14/18,1.3786
11/13/18,1.3793
11/12/18,1.3854
11/11/18,1.3793
11/10/18,1.3789
11/9/18,1.3787
11/8/18,1.3755
11/7/18,1.3717
11/6/18,1.3731
11/5/18,1.375
11/4/18,1.3732
11/3/18,1.374
11/2/18,1.3741
11/1/18,1.3763
10/31/18,1.3855
10/30/18,1.3854
10/29/18,1.3835
10/28/18,1.38
10/27/18,1.3799
10/26/18,1.38
10/25/18,1.3807
10/24/18,1.3809
10/23/18,1.3781
10/22/18,1.3799
10/21/18,1.377
10/20/18,1.3774
10/19/18,1.3773
10/18/18,1.3803
10/17/18,1.3782
10/16/18,1.3746
10/15/18,1.3756
10/14/18,1.3783
10/13/18,1.3779
10/12/18,1.3779
10/11/18,1.3763
10/10/18,1.3837
10/9/18,1.3824
10/8/18,1.3841
10/7/18,1.383
10/6/18,1.3829
10/5/18,1.3827
10/4/18,1.381
10/3/18,1.3799
10/2/18,1.3729
10/1/18,1.3722
9/30/18,1.3676
9/29/18,1.3667
9/28/18,1.3666
9/27/18,1.368
9/26/18,1.3657
9/25/18,1.366
9/24/18,1.3665
9/23/18,1.3649
9/22/18,1.364
9/21/18,1.3639
9/20/18,1.3645
9/19/18,1.3695
9/18/18,1.3706
9/17/18,1.3715
9/16/18,1.3738
9/15/18,1.3742
9/14/18,1.3742
9/13/18,1.3705
9/12/18,1.3721
9/11/18,1.3758
9/10/18,1.3787
9/9/18,1.3785
9/8/18,1.3787
9/7/18,1.3789
9/6/18,1.3754
9/5/18,1.3752
9/4/18,1.3756
9/3/18,1.3719
9/2/18,1.3718
9/1/18,1.3721
8/31/18,1.3721
8/30/18,1.3667
8/29/18,1.3645
8/28/18,1.3646
8/27/18,1.3622
8/26/18,1.3656
8/25/18,1.3652
8/24/18,1.365
8/23/18,1.3731
8/22/18,1.3664
8/21/18,1.3651
8/20/18,1.369
8/19/18,1.371
8/18/18,1.3713
8/17/18,1.3713
8/16/18,1.3754
8/15/18,1.3796
8/14/18,1.378
8/13/18,1.3758
8/12/18,1.3739
8/11/18,1.3733
8/10/18,1.3731
8/9/18,1.3677
8/8/18,1.3626
8/7/18,1.3643
8/6/18,1.3691
8/5/18,1.3668
8/4/18,1.3661
8/3/18,1.3662
8/2/18,1.3686
8/1/18,1.3619
7/31/18,1.3617
7/30/18,1.3612
7/29/18,1.3616
7/28/18,1.3619
7/27/18,1.3619
7/26/18,1.3641
7/25/18,1.3585
7/24/18,1.3641
7/23/18,1.3652
7/22/18,1.3624
7/21/18,1.3627
7/20/18,1.3625
7/19/18,1.3705
7/18/18,1.3651
7/17/18,1.3649
7/16/18,1.3619
7/15/18,1.3652
7/14/18,1.3656
7/13/18,1.3659
7/12/18,1.3634
7/11/18,1.3643
7/10/18,1.3579
7/9/18,1.3567
7/8/18,1.3579
7/7/18,1.3578
7/6/18,1.3573
7/5/18,1.3651
7/4/18,1.365
7/3/18,1.3649
7/2/18,1.3694
7/1/18,1.363
6/30/18,1.3629
6/29/18,1.3629
6/28/18,1.368
6/27/18,1.3671
6/26/18,1.363
6/25/18,1.3619
6/24/18,1.3583
6/23/18,1.3581
6/22/18,1.3583
6/21/18,1.3583
6/20/18,1.3587
6/19/18,1.3566
6/18/18,1.3511
6/17/18,1.3514
6/16/18,1.3507
6/15/18,1.3509
6/14/18,1.3451
6/13/18,1.3354
6/12/18,1.337
6/11/18,1.3353
6/10/18,1.3358
6/9/18,1.3351
6/8/18,1.3354
6/7/18,1.3338
6/6/18,1.3324
6/5/18,1.3347
6/4/18,1.3366
6/3/18,1.3386
6/2/18,1.3385
6/1/18,1.3384
5/31/18,1.338
5/30/18,1.3391
5/29/18,1.3458
5/28/18,1.3428
5/27/18,1.3418
5/26/18,1.3425
5/25/18,1.3415
5/24/18,1.3393
5/23/18,1.3432
5/22/18,1.3388
5/21/18,1.3398
5/20/18,1.3425
5/19/18,1.3431
5/18/18,1.3429
5/17/18,1.3423
5/16/18,1.3397
5/15/18,1.3446
5/14/18,1.3358
5/13/18,1.3352
5/12/18,1.3364
5/11/18,1.3363
5/10/18,1.3375
5/9/18,1.3458
5/8/18,1.3399
5/7/18,1.3361
5/6/18,1.3329
5/5/18,1.3339
5/4/18,1.3335
5/3/18,1.3308
5/2/18,1.3354
5/1/18,1.3332
4/30/18,1.3261
4/29/18,1.3242
4/28/18,1.3236
4/27/18,1.3236
4/26/18,1.3276
4/25/18,1.3286
4/24/18,1.3221
4/23/18,1.3249
4/22/18,1.3164
4/21/18,1.3163
4/20/18,1.3163
4/19/18,1.3115
4/18/18,1.31
4/17/18,1.3114
4/16/18,1.3102
4/15/18,1.3119
4/14/18,1.3119
4/13/18,1.3119
4/12/18,1.3123
4/11/18,1.3094
4/10/18,1.3092
4/9/18,1.3118
4/8/18,1.3156
4/7/18,1.3154
4/6/18,1.3154
4/5/18,1.316
4/4/18,1.3123
4/3/18,1.3118
4/2/18,1.312
4/1/18,1.3111
3/31/18,1.3104
3/30/18,1.3104
3/29/18,1.3117
3/28/18,1.3123
3/27/18,1.3101
3/26/18,1.3089
3/25/18,1.3156
3/24/18,1.3159
3/23/18,1.3155
3/22/18,1.3156
3/21/18,1.3128
3/20/18,1.3191
3/19/18,1.3165
3/18/18,1.3183
3/17/18,1.3178
3/16/18,1.3176
3/15/18,1.3138
3/14/18,1.3097
3/13/18,1.3117
3/12/18,1.3131
3/11/18,1.3161
3/10/18,1.3162
3/9/18,1.3168
3/8/18,1.3171
3/7/18,1.3142
3/6/18,1.3157
3/5/18,1.3185
3/4/18,1.3186
3/3/18,1.3195
3/2/18,1.3191
3/1/18,1.3224
2/28/18,1.325
2/27/18,1.3242
2/26/18,1.3156
2/25/18,1.3203
2/24/18,1.3198
2/23/18,1.3192
2/22/18,1.3188
2/21/18,1.3245
2/20/18,1.3194
2/19/18,1.313
2/18/18,1.3119
2/17/18,1.3107
2/16/18,1.3109
2/15/18,1.3086
2/14/18,1.3144
2/13/18,1.3229
2/12/18,1.323
2/11/18,1.3283
2/10/18,1.3278
2/9/18,1.3278
2/8/18,1.3324
2/7/18,1.3254
2/6/18,1.3186
2/5/18,1.3216
2/4/18,1.321
2/3/18,1.3197
2/2/18,1.3197
2/1/18,1.3084
1/31/18,1.3119
1/30/18,1.3116
1/29/18,1.3104
1/28/18,1.3072
1/26/18,1.3075
1/25/18,1.3119
1/24/18,1.3081
1/23/18,1.3174
1/22/18,1.3207
1/21/18,1.32
1/19/18,1.3207
1/18/18,1.321
1/17/18,1.3262
1/16/18,1.3208
1/15/18,1.3219
1/14/18,1.3253
1/13/18,1.3228
1/12/18,1.3227
1/11/18,1.3292
1/10/18,1.3343
1/9/18,1.3355
1/8/18,1.3327
1/7/18,1.3264
1/6/18,1.3271
1/5/18,1.3232
1/4/18,1.3275
1/3/18,1.3298
1/2/18,1.3293
1/1/18,1.3372
12/30/17,1.3376
12/29/17,1.3372
12/28/17,1.338
12/27/17,1.3401
12/26/17,1.3436
12/25/17,1.3439
12/24/17,1.344
12/23/17,1.344
12/22/17,1.3437
12/21/17,1.3443
12/20/17,1.3439
12/19/17,1.3467
12/18/17,1.3475
12/17/17,1.3489
12/16/17,1.3487
12/15/17,1.3483
12/14/17,1.3463
12/13/17,1.3469
12/12/17,1.3528
12/11/17,1.3516
12/10/17,1.3529
12/9/17,1.3529
12/8/17,1.3527
12/7/17,1.3512
12/6/17,1.3491
12/5/17,1.3474
12/4/17,1.3472
12/3/17,1.348
12/2/17,1.3458
12/1/17,1.3458
11/30/17,1.3494
11/29/17,1.3472
11/28/17,1.3458
11/27/17,1.3465
11/26/17,1.3477
11/25/17,1.3457
11/24/17,1.3454
11/23/17,1.3453
11/22/17,1.347
11/21/17,1.3542
11/20/17,1.3574
11/19/17,1.3546
11/18/17,1.356
11/17/17,1.356
11/16/17,1.3563
11/15/17,1.357
11/14/17,1.3589
11/13/17,1.362
11/12/17,1.3604
11/11/17,1.3605
11/10/17,1.3594
11/9/17,1.3594
11/8/17,1.3616
11/7/17,1.3641
11/6/17,1.3618
11/5/17,1.3645
11/4/17,1.3651
11/3/17,1.3651
11/2/17,1.3591
11/1/17,1.3611
10/31/17,1.3624
10/30/17,1.3607
10/29/17,1.3659
10/28/17,1.3651
10/27/17,1.3651
10/26/17,1.3671
10/25/17,1.3602
10/24/17,1.3624
10/23/17,1.3615
10/22/17,1.3618
10/21/17,1.3611
10/20/17,1.3611
10/19/17,1.3567
10/18/17,1.357
10/17/17,1.3554
10/16/17,1.3516
10/15/17,1.3494
10/14/17,1.35
10/13/17,1.3492
10/12/17,1.3528
10/11/17,1.354
10/10/17,1.3562
10/9/17,1.3632
10/8/17,1.3655
10/7/17,1.3661
10/6/17,1.3646
10/5/17,1.3642
10/4/17,1.3618
10/3/17,1.3619
10/2/17,1.3616
10/1/17,1.3577
9/30/17,1.3579
9/29/17,1.3576
9/28/17,1.358
9/27/17,1.36
9/26/17,1.3546
9/25/17,1.3514
9/24/17,1.3478
9/23/17,1.3458
9/22/17,1.3458
9/21/17,1.3496
9/20/17,1.3489
9/19/17,1.3467
9/18/17,1.3478
9/17/17,1.3455
9/16/17,1.3451
9/15/17,1.3453
9/14/17,1.3469
9/13/17,1.3504
9/12/17,1.3472
9/11/17,1.3465
9/10/17,1.3402
9/9/17,1.3416
9/8/17,1.3416
9/7/17,1.34
9/6/17,1.3499
9/5/17,1.353
9/4/17,1.3572
9/3/17,1.3582
9/2/17,1.3558
9/1/17,1.357
8/31/17,1.3558
8/30/17,1.358
8/29/17,1.3551
8/28/17,1.3547
8/27/17,1.3555
8/26/17,1.3559
8/25/17,1.3559
8/24/17,1.362
8/23/17,1.3606
8/22/17,1.3623
8/21/17,1.3607
8/20/17,1.3643
8/19/17,1.3636
8/18/17,1.3631
8/17/17,1.3663
8/16/17,1.3624
8/15/17,1.3672
8/14/17,1.3631
8/13/17,1.3611
8/12/17,1.3614
8/11/17,1.3608
8/10/17,1.3635
8/9/17,1.3637
8/8/17,1.3631
8/7/17,1.3628
8/6/17,1.3604
8/5/17,1.3606
8/4/17,1.3609
8/3/17,1.3589
8/2/17,1.3594
8/1/17,1.3582
7/31/17,1.3553
7/30/17,1.3571
7/29/17,1.357
7/28/17,1.3567
7/27/17,1.359
7/26/17,1.3563
7/25/17,1.3625
7/24/17,1.3621
7/23/17,1.3631
7/22/17,1.3623
7/21/17,1.3625
7/20/17,1.3661
7/19/17,1.3685
7/18/17,1.3668
7/17/17,1.3703
7/16/17,1.3719
7/15/17,1.3715
7/14/17,1.3715
7/13/17,1.3743
7/12/17,1.3778
7/11/17,1.382
7/10/17,1.3847
7/9/17,1.3823
7/8/17,1.3821
7/7/17,1.3822
7/6/17,1.3822
7/5/17,1.3808
7/4/17,1.383
7/3/17,1.3829
7/2/17,1.3768
7/1/17,1.3768
6/30/17,1.3765
6/29/17,1.3794
6/28/17,1.3819
6/27/17,1.3872
6/26/17,1.3887
6/25/17,1.3864
6/24/17,1.3874
6/23/17,1.3873
6/22/17,1.3903
6/21/17,1.3892
6/20/17,1.3894
6/19/17,1.3871
6/18/17,1.3831
6/17/17,1.383
6/16/17,1.3832
6/15/17,1.3838
6/14/17,1.3758
6/13/17,1.3816
6/12/17,1.3841
6/11/17,1.3843
6/10/17,1.3845
6/9/17,1.3844
6/8/17,1.3819
6/7/17,1.3819
6/6/17,1.3792
6/5/17,1.3818
6/4/17,1.3815
6/3/17,1.3807
6/2/17,1.3813
6/1/17,1.3864
5/31/17,1.3832
5/30/17,1.3852
5/29/17,1.3864
5/28/17,1.3816
5/27/17,1.3816
5/26/17,1.3817
5/25/17,1.3866
5/24/17,1.3846
5/23/17,1.3895
5/22/17,1.3863
5/21/17,1.386
5/20/17,1.386
5/19/17,1.386
5/18/17,1.3932
5/17/17,1.3901
5/16/17,1.3948
5/15/17,1.3975
5/14/17,1.404
5/13/17,1.404
5/12/17,1.404
5/11/17,1.4075
5/10/17,1.4111
5/9/17,1.4116
5/8/17,1.406
5/7/17,1.4043
5/6/17,1.4047
5/5/17,1.4047
5/4/17,1.4008
5/3/17,1.3974
5/2/17,1.3939
5/1/17,1.3968
4/30/17,1.3972
4/29/17,1.3975
4/28/17,1.3975
4/27/17,1.3972
4/26/17,1.396
4/25/17,1.3942
4/24/17,1.3926
4/23/17,1.393
4/22/17,1.3967
4/21/17,1.3967
4/20/17,1.3976
4/19/17,1.3985
4/18/17,1.3958
4/17/17,1.3981
4/16/17,1.3979
4/15/17,1.3979
4/14/17,1.3979
4/13/17,1.3982
4/12/17,1.3964
4/11/17,1.4036
4/10/17,1.4047
4/9/17,1.4049
4/8/17,1.4049
4/7/17,1.4049
4/6/17,1.4021
4/5/17,1.4007
4/4/17,1.3983
4/3/17,1.3972
4/2/17,1.3981
4/1/17,1.3971
3/31/17,1.3971
3/30/17,1.3976
3/29/17,1.394
3/28/17,1.3968
3/27/17,1.3939
3/26/17,1.3974
3/25/17,1.3987
3/24/17,1.3987
3/23/17,1.3997
3/22/17,1.3987
3/21/17,1.3989
3/20/17,1.3971
3/19/17,1.4021
3/18/17,1.4019
3/17/17,1.4019
3/16/17,1.4011
3/15/17,1.4026
3/14/17,1.4159
3/13/17,1.415
3/12/17,1.4119
3/11/17,1.4124
3/10/17,1.4124
3/9/17,1.4214
3/8/17,1.4179
3/7/17,1.4114
3/6/17,1.4123
3/5/17,1.4106
3/4/17,1.4104
3/3/17,1.4104
3/2/17,1.4122
3/1/17,1.4089
2/28/17,1.4048
2/27/17,1.4043
2/26/17,1.4043
2/25/17,1.4049
2/24/17,1.4049
2/23/17,1.4076
2/22/17,1.4132
2/21/17,1.4207
2/20/17,1.4179
2/19/17,1.4183
2/18/17,1.4186
2/17/17,1.4186
2/16/17,1.4165
2/15/17,1.4191
2/14/17,1.4195
2/13/17,1.424
2/12/17,1.4215
2/11/17,1.4206
2/10/17,1.4206
2/9/17,1.4207
2/8/17,1.4164
2/7/17,1.4184
2/6/17,1.4091
2/5/17,1.4067
2/4/17,1.4092
2/3/17,1.4092
2/2/17,1.4111
2/1/17,1.4124
1/31/17,1.4097
1/30/17,1.4209
1/29/17,1.4296
1/28/17,1.4316
1/27/17,1.4316
1/26/17,1.4257
1/25/17,1.4128
1/24/17,1.4212
1/23/17,1.4164
1/22/17,1.4241
1/21/17,1.4263
1/20/17,1.4259
1/19/17,1.4264
1/18/17,1.4291
1/17/17,1.4159
1/16/17,1.4303
1/15/17,1.4287
1/14/17,1.4286
1/13/17,1.4281
1/12/17,1.4274
1/11/17,1.4269
1/10/17,1.4363
1/9/17,1.4352
1/8/17,1.4393
1/7/17,1.4388
1/6/17,1.4389
1/5/17,1.4286
1/4/17,1.439
1/3/17,1.4501
1/2/17,1.4503
1/1/17,1.4488
12/31/16,1.4471
12/30/16,1.4471
12/29/16,1.448
12/28/16,1.4504
12/27/16,1.4504
12/26/16,1.4474
12/25/16,1.4445
12/24/16,1.4474
12/23/16,1.4474
12/22/16,1.4502
12/21/16,1.4454
12/20/16,1.4454
12/19/16,1.449
12/18/16,1.4451
12/17/16,1.444
12/16/16,1.444
12/15/16,1.4431
12/14/16,1.4382
12/13/16,1.4246
12/12/16,1.4237
12/11/16,1.4324
12/10/16,1.4305
12/9/16,1.4307
12/8/16,1.4241
12/7/16,1.4169
12/6/16,1.4213
12/5/16,1.4188
12/4/16,1.4242
12/3/16,1.4195
12/2/16,1.4195
12/1/16,1.426
11/30/16,1.4339
11/29/16,1.4249
11/28/16,1.4237
11/27/16,1.4279
11/26/16,1.4277
11/25/16,1.4277
11/24/16,1.4323
11/23/16,1.4321
11/22/16,1.424
11/21/16,1.4229
11/20/16,1.4267
11/19/16,1.4259
11/18/16,1.4259
11/17/16,1.4223
11/16/16,1.4141
11/15/16,1.4144
11/14/16,1.4146
11/13/16,1.4136
11/12/16,1.4129
11/11/16,1.4123
11/10/16,1.4116
11/9/16,1.3988
11/8/16,1.3879
11/7/16,1.3897
11/6/16,1.3858
11/5/16,1.3832
11/4/16,1.3832
11/3/16,1.3839
11/2/16,1.3845
11/1/16,1.3879
10/31/16,1.3913
10/30/16,1.3924
10/29/16,1.3923
10/28/16,1.3923
10/27/16,1.3948
10/26/16,1.3909
10/25/16,1.3898
10/24/16,1.3935
10/23/16,1.3943
10/22/16,1.3942
10/21/16,1.3942
10/20/16,1.3918
10/19/16,1.3869
10/18/16,1.3861
10/17/16,1.3886
10/16/16,1.3904
10/15/16,1.3904
10/14/16,1.3904
10/13/16,1.3822
10/12/16,1.3842
10/11/16,1.3797
10/10/16,1.375
10/9/16,1.3733
10/8/16,1.3731
10/7/16,1.3731
10/6/16,1.3724
10/5/16,1.3695
10/4/16,1.3707
10/3/16,1.3652
10/2/16,1.3632
10/1/16,1.3632
9/30/16,1.3632
9/29/16,1.3642
9/28/16,1.3591
9/27/16,1.3597
9/26/16,1.3602
9/25/16,1.3593
9/24/16,1.3593
9/23/16,1.3593
9/22/16,1.3557
9/21/16,1.3546
9/20/16,1.3622
9/19/16,1.3619
9/18/16,1.3682
9/17/16,1.3682
9/16/16,1.3682
9/15/16,1.3624
9/14/16,1.3637
9/13/16,1.3666
9/12/16,1.3566
9/11/16,1.3598
9/10/16,1.3589
9/9/16,1.3586
9/8/16,1.351
9/7/16,1.3474
9/6/16,1.3467
9/5/16,1.3571
9/4/16,1.3598
9/3/16,1.3603
9/2/16,1.3603
9/1/16,1.3595
8/31/16,1.3626
8/30/16,1.3642
8/29/16,1.3597
8/28/16,1.3594
8/27/16,1.3592
8/26/16,1.3592
8/25/16,1.3534
8/24/16,1.3545
8/23/16,1.3515
8/22/16,1.3509
8/21/16,1.3471
8/20/16,1.3466
8/19/16,1.3466
8/18/16,1.3393
8/17/16,1.3427
8/16/16,1.3399
8/15/16,1.3432
8/14/16,1.3461
8/13/16,1.3461
8/12/16,1.3461
8/11/16,1.3434
8/10/16,1.341
8/9/16,1.3444
8/8/16,1.3466
8/7/16,1.3461
8/6/16,1.3463
8/5/16,1.3463
8/4/16,1.3421
8/3/16,1.3419
8/2/16,1.3402
8/1/16,1.342
7/31/16,1.3407
7/30/16,1.3399
7/29/16,1.3399
7/28/16,1.3537
7/27/16,1.3534
7/26/16,1.3585
7/25/16,1.3616
7/24/16,1.3588
7/23/16,1.359
7/22/16,1.359
7/21/16,1.3554
7/20/16,1.3574
7/19/16,1.3536
7/18/16,1.348
7/17/16,1.347
7/16/16,1.3478
7/15/16,1.3475
7/14/16,1.3432
7/13/16,1.3468
7/12/16,1.3464
7/11/16,1.3514
7/10/16,1.3454
7/9/16,1.3454
7/8/16,1.3458
7/7/16,1.3506
7/6/16,1.3502
7/5/16,1.3509
7/4/16,1.3457
7/3/16,1.3458
7/2/16,1.346
7/1/16,1.346
6/30/16,1.3472
6/29/16,1.3482
6/28/16,1.3539
6/27/16,1.3627
6/26/16,1.3558
6/25/16,1.3531
6/24/16,1.3531
6/23/16,1.3366
6/22/16,1.3381
6/21/16,1.3425
6/20/16,1.344
6/19/16,1.3463
6/18/16,1.3499
6/17/16,1.3486
6/16/16,1.3488
6/15/16,1.3522
6/14/16,1.356
6/13/16,1.3557
6/12/16,1.3606
6/11/16,1.3603
6/10/16,1.3603
6/9/16,1.3528
6/8/16,1.3468
6/7/16,1.3523
6/6/16,1.3558
6/5/16,1.3567
6/4/16,1.3566
6/3/16,1.3566
6/2/16,1.376
6/1/16,1.3774
5/31/16,1.378
5/30/16,1.3816
5/29/16,1.3802
5/28/16,1.3799
5/27/16,1.3795
5/26/16,1.3736
5/25/16,1.3782
5/24/16,1.3814
5/23/16,1.3778
5/22/16,1.3816
5/21/16,1.3816
5/20/16,1.3816
5/19/16,1.3807
5/18/16,1.382
5/17/16,1.3695
5/16/16,1.3698
5/15/16,1.3741
5/14/16,1.3721
5/13/16,1.3721
5/12/16,1.373
5/11/16,1.3667
5/10/16,1.3684
5/9/16,1.3722
5/8/16,1.3611
5/7/16,1.3613
5/6/16,1.3613
5/5/16,1.3588
5/4/16,1.3578
5/3/16,1.3526
5/2/16,1.3422
5/1/16,1.3454
4/30/16,1.3443
4/29/16,1.3443
4/28/16,1.3449
4/27/16,1.3491
4/26/16,1.3518
4/25/16,1.3516
4/24/16,1.3556
4/23/16,1.3543
4/22/16,1.3541
4/21/16,1.3494
4/20/16,1.3443
4/19/16,1.3364
4/18/16,1.3519
4/17/16,1.3575
4/16/16,1.3575
4/15/16,1.3575
4/14/16,1.3634
4/13/16,1.3511
4/12/16,1.3441
4/11/16,1.3443
4/10/16,1.3487
4/9/16,1.3488
4/8/16,1.3488
4/7/16,1.3526
4/6/16,1.3474
4/5/16,1.3559
4/4/16,1.3519
4/3/16,1.3509
4/2/16,1.3507
4/1/16,1.3507
3/31/16,1.3479
3/30/16,1.3504
3/29/16,1.3543
3/28/16,1.3705
3/27/16,1.3703
3/26/16,1.3723
3/25/16,1.3723
3/24/16,1.37
3/23/16,1.3671
3/22/16,1.3608
3/21/16,1.3603
3/20/16,1.3587
3/19/16,1.3591
3/18/16,1.3591
3/17/16,1.351
3/16/16,1.3663
3/15/16,1.3814
3/14/16,1.3766
3/13/16,1.3732
3/12/16,1.3733
3/11/16,1.3733
3/10/16,1.382
3/9/16,1.3817
3/8/16,1.3849
3/7/16,1.3787
3/6/16,1.3764
3/5/16,1.3747
3/4/16,1.3747
3/3/16,1.3892
3/2/16,1.3983
3/1/16,1.4007
2/29/16,1.4056
2/28/16,1.4088
2/27/16,1.4079
2/26/16,1.4079
2/25/16,1.4017
2/24/16,1.4052
2/23/16,1.4084
2/22/16,1.3992
2/21/16,1.4048
2/20/16,1.4053
2/19/16,1.4053
2/18/16,1.4028
2/17/16,1.4046
2/16/16,1.4052
2/15/16,1.3997
2/14/16,1.3946
2/13/16,1.3979
2/12/16,1.3979
2/11/16,1.3888
2/10/16,1.3916
2/9/16,1.3968
2/8/16,1.4063
2/7/16,1.4087
2/6/16,1.4086
2/5/16,1.4086
2/4/16,1.398
2/3/16,1.4149
2/2/16,1.4292
2/1/16,1.4225
1/31/16,1.4239
1/30/16,1.4242
1/29/16,1.4242
1/28/16,1.4274
1/27/16,1.4314
1/26/16,1.4262
1/25/16,1.4301
1/24/16,1.4297
1/23/16,1.4297
1/22/16,1.4299
1/21/16,1.4331
1/20/16,1.4377
1/19/16,1.4377
1/18/16,1.4395
1/17/16,1.4405
1/16/16,1.4396
1/15/16,1.4396
1/14/16,1.4371
1/13/16,1.4371
1/12/16,1.4378
1/11/16,1.4327
1/10/16,1.4418
1/9/16,1.4428
1/8/16,1.4428
1/7/16,1.4328
1/6/16,1.4361
1/5/16,1.4261
1/4/16,1.4248
1/3/16,1.4172
1/2/16,1.4111
1/1/16,1.4111
12/31/15,1.4113
12/30/15,1.4146
12/29/15,1.4123
12/28/15,1.4071
12/27/15,1.4069
12/26/15,1.4034
12/25/15,1.4034
12/24/15,1.4055
12/23/15,1.4046
12/22/15,1.4041
12/21/15,1.4078
12/20/15,1.4128
12/19/15,1.4132
12/18/15,1.4132
12/17/15,1.4183
12/16/15,1.4078
12/15/15,1.4061
12/14/15,1.4077
12/13/15,1.4121
12/12/15,1.4136
12/11/15,1.4136
12/10/15,1.4039
12/9/15,1.4048
12/8/15,1.4078
12/7/15,1.4062
12/6/15,1.398
12/5/15,1.3978
12/4/15,1.3981
12/3/15,1.3968
12/2/15,1.4119
12/1/15,1.4065
11/30/15,1.4111
11/29/15,1.4146
11/28/15,1.4136
11/27/15,1.4136
11/26/15,1.4085
11/25/15,1.4046
11/24/15,1.4097
11/23/15,1.417
11/22/15,1.4114
11/21/15,1.4128
11/20/15,1.4128
11/19/15,1.413
11/18/15,1.4215
11/17/15,1.4243
11/16/15,1.4219
11/15/15,1.4242
11/14/15,1.4241
11/13/15,1.4241
11/12/15,1.4191
11/11/15,1.42
11/10/15,1.4218
11/9/15,1.4233
11/8/15,1.4213
11/7/15,1.4205
11/6/15,1.4205
11/5/15,1.4068
11/4/15,1.4032
11/3/15,1.3963
11/2/15,1.3984
11/1/15,1.401
10/31/15,1.401
10/30/15,1.401
10/29/15,1.4034
10/28/15,1.4026
10/27/15,1.3968
10/26/15,1.3925
10/25/15,1.398
10/24/15,1.3979
10/23/15,1.3979
10/22/15,1.3944
10/21/15,1.3945
10/20/15,1.3915
10/19/15,1.3894
10/18/15,1.3835
10/17/15,1.3841
10/16/15,1.3843
10/15/15,1.3765
10/14/15,1.378
10/13/15,1.4037
10/12/15,1.3986
10/11/15,1.3947
10/10/15,1.3949
10/9/15,1.3952
10/8/15,1.4048
10/7/15,1.4119
10/6/15,1.4203
10/5/15,1.4214
10/4/15,1.432
10/3/15,1.4328
10/2/15,1.4328
10/1/15,1.4301
9/30/15,1.4225
9/29/15,1.428
9/28/15,1.4286
9/27/15,1.4243
9/26/15,1.4275
9/25/15,1.4253
9/24/15,1.426
9/23/15,1.4264
9/22/15,1.4173
9/21/15,1.4101
9/20/15,1.4027
9/19/15,1.3997
9/18/15,1.4006
9/17/15,1.3984
9/16/15,1.3968
9/15/15,1.4029
9/14/15,1.4072
9/13/15,1.4137
9/12/15,1.4116
9/11/15,1.4116
9/10/15,1.4127
9/9/15,1.4171
9/8/15,1.4177
9/7/15,1.4273
9/6/15,1.4258
9/5/15,1.424
9/4/15,1.4246
9/3/15,1.4163
9/2/15,1.4158
9/1/15,1.4127
8/31/15,1.4118
8/30/15,1.4093
8/29/15,1.4089
8/28/15,1.4089
8/27/15,1.3992
8/26/15,1.4071
8/25/15,1.4053
8/24/15,1.4109
8/23/15,1.4086
8/22/15,1.4025
8/21/15,1.4082
8/20/15,1.403
8/19/15,1.4035
8/18/15,1.4035
8/17/15,1.4084
8/16/15,1.4066
8/15/15,1.4067
8/14/15,1.4067
8/13/15,1.3975
8/12/15,1.3991
8/11/15,1.4012
8/10/15,1.3816
8/9/15,1.3845
8/8/15,1.3846
8/7/15,1.3846
8/6/15,1.384
8/5/15,1.384
8/4/15,1.381
8/3/15,1.3777
8/2/15,1.3708
8/1/15,1.3721
7/31/15,1.3721
7/30/15,1.3757
7/29/15,1.3691
7/28/15,1.3635
7/27/15,1.3691
7/26/15,1.3714
7/25/15,1.3718
7/24/15,1.3718
7/23/15,1.369
7/22/15,1.365
7/21/15,1.3639
7/20/15,1.3712
7/19/15,1.3678
7/18/15,1.3694
7/17/15,1.3677
7/16/15,1.3659
7/15/15,1.3662
7/14/15,1.361
7/13/15,1.3566
7/12/15,1.3514
7/11/15,1.351
7/10/15,1.351
7/9/15,1.3496
7/8/15,1.3497
7/7/15,1.354
7/6/15,1.3488
7/5/15,1.3518
7/4/15,1.3458
7/3/15,1.346
7/2/15,1.3486
7/1/15,1.3532
6/30/15,1.3468
6/29/15,1.3458
6/28/15,1.3556
6/27/15,1.35
6/26/15,1.35
6/25/15,1.3434
6/24/15,1.3436
6/23/15,1.3409
6/22/15,1.3355
6/21/15,1.3357
6/20/15,1.3339
6/19/15,1.3339
6/18/15,1.3343
6/17/15,1.3359
6/16/15,1.3424
6/15/15,1.3471
6/14/15,1.3428
6/13/15,1.3439
6/12/15,1.3439
6/11/15,1.3448
6/10/15,1.3413
6/9/15,1.3518
6/8/15,1.353
6/7/15,1.3583
6/6/15,1.3579
6/5/15,1.3579
6/4/15,1.3469
6/3/15,1.3433
6/2/15,1.3484
6/1/15,1.3562
5/31/15,1.3475
5/30/15,1.3477
5/29/15,1.3478
5/28/15,1.348
5/27/15,1.3511
5/26/15,1.3502
5/25/15,1.3415
5/24/15,1.3372
5/23/15,1.3364
5/22/15,1.3364
5/21/15,1.3364
5/20/15,1.3376
5/19/15,1.3357
5/18/15,1.3284
5/17/15,1.3207
5/16/15,1.3207
5/15/15,1.3207
5/14/15,1.3197
5/13/15,1.3252
5/12/15,1.3355
5/11/15,1.3373
5/10/15,1.327
5/9/15,1.3289
5/8/15,1.3289
5/7/15,1.332
5/6/15,1.3242
5/5/15,1.3316
5/4/15,1.3325
5/3/15,1.3291
5/2/15,1.3314
5/1/15,1.3302
4/30/15,1.3237
4/29/15,1.3225
4/28/15,1.3176
4/27/15,1.3273
4/26/15,1.3325
4/25/15,1.333
4/24/15,1.333
4/23/15,1.3418
4/22/15,1.3478
4/21/15,1.3518
4/20/15,1.3485
4/19/15,1.3445
4/18/15,1.3461
4/17/15,1.3463
4/16/15,1.3495
4/15/15,1.3572
4/14/15,1.3605
4/13/15,1.3713
4/12/15,1.3682
4/11/15,1.3682
4/10/15,1.3682
4/9/15,1.3594
4/8/15,1.3572
4/7/15,1.3606
4/6/15,1.3548
4/5/15,1.3499
4/4/15,1.3505
4/3/15,1.3505
4/2/15,1.3578
4/1/15,1.3632
3/31/15,1.373
3/30/15,1.3764
3/29/15,1.3701
3/28/15,1.3695
3/27/15,1.3695
3/26/15,1.371
3/25/15,1.3703
3/24/15,1.367
3/23/15,1.3658
3/22/15,1.3772
3/21/15,1.3787
3/20/15,1.3787
3/19/15,1.3872
3/18/15,1.3785
3/17/15,1.3889
3/16/15,1.3905
3/15/15,1.3917
3/14/15,1.3926
3/13/15,1.3926
3/12/15,1.3814
3/11/15,1.3884
3/10/15,1.3908
3/9/15,1.3804
3/8/15,1.3785
3/7/15,1.3781
3/6/15,1.3781
3/5/15,1.3711
3/4/15,1.3677
3/3/15,1.3625
3/2/15,1.3655
3/1/15,1.3631
2/28/15,1.3628
2/27/15,1.3626
2/26/15,1.3573
2/25/15,1.3538
2/24/15,1.3577
2/23/15,1.3596
2/22/15,1.3599
2/21/15,1.36
2/20/15,1.36
2/19/15,1.3588
2/18/15,1.3557
2/17/15,1.3554
2/16/15,1.3565
2/15/15,1.3544
2/14/15,1.354
2/13/15,1.354
2/12/15,1.3568
2/11/15,1.3611
2/10/15,1.3553
2/9/15,1.3541
2/8/15,1.3544
2/7/15,1.353
2/6/15,1.353
2/5/15,1.3447
2/4/15,1.3491
2/3/15,1.3468
2/2/15,1.3522
2/1/15,1.3523
1/31/15,1.3535
1/30/15,1.3535
1/29/15,1.3532
1/28/15,1.3533
1/27/15,1.3388
1/26/15,1.3446
1/25/15,1.3463
1/24/15,1.3446
1/23/15,1.3446
1/22/15,1.3396
1/21/15,1.3355
1/20/15,1.3375
1/19/15,1.3324
1/18/15,1.326
1/17/15,1.3266
1/16/15,1.3268
1/15/15,1.326
1/14/15,1.334
1/13/15,1.3337
1/12/15,1.335
1/11/15,1.3323
1/10/15,1.3335
1/9/15,1.3335
1/8/15,1.3375
1/7/15,1.3391
1/6/15,1.3345
1/5/15,1.3347
1/4/15,1.3282
1/3/15,1.3314
1/2/15,1.3314
1/1/15,1.3227
12/31/14,1.3255
12/30/14,1.3216
12/29/14,1.3242
12/28/14,1.3234
12/27/14,1.324
12/26/14,1.324
12/25/14,1.3227
12/24/14,1.3235
12/23/14,1.3255
12/22/14,1.3187
12/21/14,1.3155
12/20/14,1.3149
12/19/14,1.3149
12/18/14,1.3145
12/17/14,1.3116
12/16/14,1.3029
12/15/14,1.3117
12/14/14,1.3111
12/13/14,1.3139
12/12/14,1.3139
12/11/14,1.3135
12/10/14,1.3108
12/9/14,1.316
12/8/14,1.3199
12/7/14,1.3227
12/6/14,1.3227
12/5/14,1.3227
12/4/14,1.3121
12/3/14,1.3127
12/2/14,1.3114
12/1/14,1.306
11/30/14,1.305
11/29/14,1.3039
11/28/14,1.3035
11/27/14,1.2994
11/26/14,1.2977
11/25/14,1.3003
11/24/14,1.3031
11/23/14,1.2996
11/22/14,1.2992
11/21/14,1.2999
11/20/14,1.3003
11/19/14,1.3076
11/18/14,1.2977
11/17/14,1.2983
11/16/14,1.2963
11/15/14,1.2976
11/14/14,1.297
11/13/14,1.292
11/12/14,1.2909
11/11/14,1.2923
11/10/14,1.2896
11/9/14,1.2876
11/8/14,1.2889
11/7/14,1.2892
11/6/14,1.2962
11/5/14,1.2941
11/4/14,1.289
11/3/14,1.2912
11/2/14,1.2873
11/1/14,1.2864
10/31/14,1.2864
10/30/14,1.2785
10/29/14,1.2776
10/28/14,1.2721
10/27/14,1.2746
10/26/14,1.2758
10/25/14,1.2754
10/24/14,1.2755
10/23/14,1.2769
10/22/14,1.2734
10/21/14,1.2714
10/20/14,1.2697
10/19/14,1.274
10/18/14,1.2752
10/17/14,1.2754
10/16/14,1.2737
10/15/14,1.2734
10/14/14,1.2756
10/13/14,1.2717
10/12/14,1.2749
10/11/14,1.2759
10/10/14,1.2768
10/9/14,1.2718
10/8/14,1.2734
10/7/14,1.275
10/6/14,1.2761
10/5/14,1.2814
10/4/14,1.282
10/3/14,1.2824
10/2/14,1.2722
10/1/14,1.2721
9/30/14,1.2759
9/29/14,1.2738
9/28/14,1.2743
9/27/14,1.2743
9/26/14,1.2747
9/25/14,1.2705
9/24/14,1.2673
9/23/14,1.2691
9/22/14,1.2702
9/21/14,1.2663
9/20/14,1.2666
9/19/14,1.2665
9/18/14,1.2668
9/17/14,1.2681
9/16/14,1.2613
9/15/14,1.264
9/14/14,1.2628
9/13/14,1.263
9/12/14,1.263
9/11/14,1.2633
9/10/14,1.2636
9/9/14,1.2626
9/8/14,1.2594
9/7/14,1.2541
9/6/14,1.2538
9/5/14,1.2535
9/4/14,1.2558
9/3/14,1.2515
9/2/14,1.2536
9/1/14,1.2496
8/31/14,1.249
8/30/14,1.2488
8/29/14,1.2488
8/28/14,1.2497
8/27/14,1.2475
8/26/14,1.2496
8/25/14,1.2502
8/24/14,1.2501
8/23/14,1.2493
8/22/14,1.2493
8/21/14,1.2495
8/20/14,1.2509
8/19/14,1.2479
8/18/14,1.2454
8/17/14,1.2453
8/16/14,1.2452
8/15/14,1.2456
8/14/14,1.246
8/13/14,1.2496
8/12/14,1.2506
8/11/14,1.2502
8/10/14,1.252
8/9/14,1.2521
8/8/14,1.2521
8/7/14,1.2524
8/6/14,1.2483
8/5/14,1.2476
8/4/14,1.2462
8/3/14,1.2472
8/2/14,1.2467
8/1/14,1.247
7/31/14,1.2474
7/30/14,1.2441
7/29/14,1.2429
7/28/14,1.2417
7/27/14,1.2415
7/26/14,1.2419
7/25/14,1.2421
7/24/14,1.2413
7/23/14,1.2371
7/22/14,1.2401
7/21/14,1.2396
7/20/14,1.2412
7/19/14,1.241
7/18/14,1.2415
7/17/14,1.2438
7/16/14,1.2425
7/15/14,1.2436
7/14/14,1.2413
7/13/14,1.2411
7/12/14,1.2407
7/11/14,1.2409
7/10/14,1.2413
7/9/14,1.2422
7/8/14,1.2434
7/7/14,1.2468
7/6/14,1.2458
7/5/14,1.246
7/4/14,1.2464
7/3/14,1.2472
7/2/14,1.2476
7/1/14,1.2455
6/30/14,1.2469
6/29/14,1.2497
6/28/14,1.2498
6/27/14,1.2497
6/26/14,1.2494
6/25/14,1.2498
6/24/14,1.2491
6/23/14,1.2487
6/22/14,1.2495
6/21/14,1.2489
6/20/14,1.2489
6/19/14,1.2497
6/18/14,1.2487
6/17/14,1.2537
6/16/14,1.2509
6/15/14,1.2508
6/14/14,1.2509
6/13/14,1.2509
6/12/14,1.2481
6/11/14,1.2504
6/10/14,1.2496
6/9/14,1.2499
6/8/14,1.2522
6/7/14,1.2518
6/6/14,1.2517
6/5/14,1.2524
6/4/14,1.258
6/3/14,1.2564
6/2/14,1.2568
6/1/14,1.2539
5/31/14,1.2543
5/30/14,1.2545
5/29/14,1.2545
5/28/14,1.2558
5/27/14,1.2566
5/26/14,1.2533
5/25/14,1.2529
5/24/14,1.2529
5/23/14,1.2533
5/22/14,1.2513
5/21/14,1.251
5/20/14,1.2527
5/19/14,1.2506
5/18/14,1.251
5/17/14,1.2511
5/16/14,1.251
5/15/14,1.2524
5/14/14,1.2506
5/13/14,1.2518
5/12/14,1.2505
5/11/14,1.2483
5/10/14,1.2488
5/9/14,1.2488
5/8/14,1.2475
5/7/14,1.2494
5/6/14,1.2477
5/5/14,1.2504
5/4/14,1.2511
5/3/14,1.2532
5/2/14,1.2531
5/1/14,1.2534
4/30/14,1.2536
4/29/14,1.2559
4/28/14,1.2568
4/27/14,1.2561
4/26/14,1.2563
4/25/14,1.2566
4/24/14,1.2581
4/23/14,1.2554
4/22/14,1.2558
4/21/14,1.2526
4/20/14,1.2524
4/19/14,1.2526
4/18/14,1.2527
4/17/14,1.2528
4/16/14,1.2509
4/15/14,1.2532
4/14/14,1.2534
4/13/14,1.2478
4/12/14,1.2485
4/11/14,1.2487
4/10/14,1.2499
4/9/14,1.2465
4/8/14,1.2517
4/7/14,1.2593
4/6/14,1.2592
4/5/14,1.2588
4/4/14,1.2588
4/3/14,1.2634
4/2/14,1.2625
4/1/14,1.2594
3/31/14,1.2578
3/30/14,1.259
3/29/14,1.259
3/28/14,1.259
3/27/14,1.2634
3/26/14,1.2672
3/25/14,1.2678
3/24/14,1.271
3/23/14,1.274
3/22/14,1.2743
3/21/14,1.2743
3/20/14,1.2774
3/19/14,1.2735
3/18/14,1.2638
3/17/14,1.2647
3/16/14,1.2657
3/15/14,1.2653
3/14/14,1.2653
3/13/14,1.2671
3/12/14,1.2671
3/11/14,1.2679
3/10/14,1.2684
3/9/14,1.269
3/8/14,1.2685
3/7/14,1.2687
3/6/14,1.2632
3/5/14,1.27
3/4/14,1.2691
3/3/14,1.2706
3/2/14,1.2688
3/1/14,1.2676
2/28/14,1.2673
2/27/14,1.2646
2/26/14,1.2669
2/25/14,1.2638
2/24/14,1.2631
2/23/14,1.267
2/22/14,1.2677
2/21/14,1.267
2/20/14,1.264
2/19/14,1.2646
2/18/14,1.2616
2/17/14,1.2592
2/16/14,1.2589
2/15/14,1.2592
2/14/14,1.2594
2/13/14,1.2653
2/12/14,1.2656
2/11/14,1.267
2/10/14,1.2706
2/9/14,1.2683
2/8/14,1.2682
2/7/14,1.269
2/6/14,1.2681
2/5/14,1.2682
2/4/14,1.2687
2/3/14,1.2758
2/2/14,1.2771
2/1/14,1.2767
1/31/14,1.2767
1/30/14,1.2755
1/29/14,1.2769
1/28/14,1.2739
1/27/14,1.2765
1/26/14,1.2796
1/25/14,1.2786
1/24/14,1.279
1/23/14,1.2784
1/22/14,1.2789
1/21/14,1.2784
1/20/14,1.2764
1/19/14,1.2752
1/18/14,1.2759
1/17/14,1.2755
1/16/14,1.2724
1/15/14,1.2733
1/14/14,1.2692
1/13/14,1.2653
1/12/14,1.2638
1/11/14,1.2641
1/10/14,1.2645
1/9/14,1.2711
1/8/14,1.2738
1/7/14,1.2714
1/6/14,1.2679
1/5/14,1.2671
1/4/14,1.2667
1/3/14,1.2665
1/2/14,1.2671
1/1/14,1.2631
12/31/13,1.2629
12/30/13,1.2673
12/29/13,1.2693
12/28/13,1.2686
12/27/13,1.2692
12/26/13,1.2694
12/25/13,1.2673
12/24/13,1.2678
12/23/13,1.2678
12/22/13,1.2663
12/21/13,1.2662
12/20/13,1.2665
12/19/13,1.2658
12/18/13,1.2622
12/17/13,1.2578
12/16/13,1.256
12/15/13,1.2555
12/14/13,1.2552
12/13/13,1.2557
12/12/13,1.2561
12/11/13,1.252
12/10/13,1.2488
12/9/13,1.2496
12/8/13,1.2496
12/7/13,1.2496
12/6/13,1.2495
12/5/13,1.2539
12/4/13,1.2547
12/3/13,1.2529
12/2/13,1.2565
12/1/13,1.2548
11/30/13,1.2551
11/29/13,1.255
11/28/13,1.2563
11/27/13,1.2549
11/26/13,1.2514
11/25/13,1.2503
11/24/13,1.2498
11/23/13,1.2498
11/22/13,1.25
11/21/13,1.25
11/20/13,1.2468
11/19/13,1.2432
11/18/13,1.2465
11/17/13,1.2469
11/16/13,1.2465
11/15/13,1.247
11/14/13,1.247
11/13/13,1.2463
11/12/13,1.2496
11/11/13,1.2493
11/10/13,1.2469
11/9/13,1.2468
11/8/13,1.2456
11/7/13,1.2454
11/6/13,1.243
11/5/13,1.2432
11/4/13,1.2427
11/3/13,1.2438
11/2/13,1.2435
11/1/13,1.2435
10/31/13,1.2422
10/30/13,1.24
10/29/13,1.2423
10/28/13,1.238
10/27/13,1.2359
10/26/13,1.2359
10/25/13,1.237
10/24/13,1.2372
10/23/13,1.239
10/22/13,1.2356
10/21/13,1.2421
10/20/13,1.2388
10/19/13,1.2388
10/18/13,1.2376
10/17/13,1.2396
10/16/13,1.2433
10/15/13,1.2436
10/14/13,1.2436
10/13/13,1.2463
10/12/13,1.2463
10/11/13,1.246
10/10/13,1.2484
10/9/13,1.25
10/8/13,1.2499
10/7/13,1.2482
10/4/13,1.2463
10/3/13,1.2486
10/2/13,1.2487
10/1/13,1.2514
9/30/13,1.2561
9/27/13,1.256
9/26/13,1.255
9/25/13,1.2545
9/24/13,1.2543
9/23/13,1.2503
9/20/13,1.2515
9/19/13,1.2465
9/18/13,1.2469
9/17/13,1.2595
9/16/13,1.262
9/13/13,1.269
9/12/13,1.2675
9/11/13,1.2659
9/10/13,1.2685
9/9/13,1.269
9/6/13,1.2738
9/5/13,1.2809
9/4/13,1.2745
9/3/13,1.2786
9/2/13,1.2731
8/30/13,1.2745
8/29/13,1.2757
8/28/13,1.2752
8/27/13,1.2832
8/26/13,1.2809
8/23/13,1.2787
8/22/13,1.282
8/21/13,1.284
8/20/13,1.2738
8/19/13,1.2773
8/16/13,1.2703
8/15/13,1.2685
8/14/13,1.2698
8/13/13,1.2678
8/12/13,1.2631
8/9/13,1.2572
8/8/13,1.2604
8/7/13,1.2671
8/6/13,1.2667
8/5/13,1.2685
8/2/13,1.2718
8/1/13,1.2763
7/31/13,1.2708
7/30/13,1.2712
7/29/13,1.2663
7/26/13,1.2641
7/25/13,1.2646
7/24/13,1.2678
7/23/13,1.264
7/22/13,1.2605
7/19/13,1.2657
7/18/13,1.2666
7/17/13,1.2608
7/16/13,1.2592
7/15/13,1.2623
7/12/13,1.262
7/11/13,1.2586
7/10/13,1.2698
7/9/13,1.2781
7/8/13,1.2788
7/5/13,1.2815
7/4/13,1.2732
7/3/13,1.2735
7/2/13,1.2717
7/1/13,1.2645
6/28/13,1.2665
6/27/13,1.2667
6/26/13,1.2743
6/25/13,1.2695
6/24/13,1.2755
6/21/13,1.2767
6/20/13,1.2743
6/19/13,1.2685
6/18/13,1.2619
6/17/13,1.2554
6/14/13,1.2518
6/13/13,1.2496
6/12/13,1.256
6/11/13,1.2554
6/10/13,1.2581
6/7/13,1.2489
6/6/13,1.2448
6/5/13,1.2495
6/4/13,1.253
6/3/13,1.2523
5/31/13,1.2645
5/30/13,1.2578
5/29/13,1.2662
5/28/13,1.2706
5/27/13,1.261
5/24/13,1.2642
5/23/13,1.264
5/22/13,1.2673
5/21/13,1.2599
5/20/13,1.2543
5/17/13,1.2572
5/16/13,1.2509
5/15/13,1.2462
5/14/13,1.2432
5/13/13,1.241
5/10/13,1.2375
5/9/13,1.2337
5/8/13,1.2276
5/7/13,1.2323
5/6/13,1.2313
5/3/13,1.2341
5/2/13,1.235
5/1/13,1.2332
4/30/13,1.2321
4/29/13,1.234
4/26/13,1.2375
4/25/13,1.2388
4/24/13,1.2427
4/23/13,1.2412
4/22/13,1.2405
4/19/13,1.237
4/18/13,1.2361
4/17/13,1.2364
4/16/13,1.235
4/15/13,1.2392
4/12/13,1.2373
4/11/13,1.2374
4/10/13,1.2382
4/9/13,1.2396
4/8/13,1.2423
4/5/13,1.241
4/4/13,1.2403
4/3/13,1.2385
4/2/13,1.2394
4/1/13,1.2399
3/29/13,1.2407
3/28/13,1.2409
3/27/13,1.2427
3/26/13,1.241
3/25/13,1.2438
3/22/13,1.2495
3/21/13,1.2496
3/20/13,1.2509
3/19/13,1.2508
3/18/13,1.2496
3/15/13,1.2479
3/14/13,1.2493
3/13/13,1.2494
3/12/13,1.2468
3/11/13,1.2487
3/8/13,1.2485
3/7/13,1.2452
3/6/13,1.2487
3/5/13,1.246
3/4/13,1.2456
3/1/13,1.24
2/28/13,1.2386
2/27/13,1.2369
2/26/13,1.2387
2/25/13,1.2397
2/22/13,1.2381
2/21/13,1.2415
2/20/13,1.2398
2/19/13,1.2361
2/18/13,1.24
2/15/13,1.2373
2/14/13,1.2346
2/13/13,1.2357
2/12/13,1.2389
2/11/13,1.2419
2/8/13,1.2381
2/7/13,1.2394
2/6/13,1.239
2/5/13,1.2373
2/4/13,1.2391
2/1/13,1.2406
1/31/13,1.2381
1/30/13,1.2361
1/29/13,1.234
1/28/13,1.2391
1/25/13,1.2361
1/24/13,1.2292
1/23/13,1.2266
1/22/13,1.2267
1/21/13,1.2281
1/18/13,1.227
1/17/13,1.2236
1/16/13,1.2242
1/15/13,1.2259
1/14/13,1.2254
1/11/13,1.2255
1/10/13,1.223
1/9/13,1.2277
1/8/13,1.2291
1/7/13,1.2292
1/4/13,1.228
1/3/13,1.2266
1/2/13,1.2209
1/1/13,1.2216